model,label_frac,seed,n,threshold,accuracy,f1,precision,sensitivity,brier,ece,tn,fp,fn,tp,specificity,auroc,auprc,patient_n,patient_threshold,patient_accuracy,patient_f1,patient_precision,patient_sensitivity,patient_brier,patient_ece,patient_tn,patient_fp,patient_fn,patient_tp,patient_specificity,patient_auroc,patient_auprc
endo_fm,0.25,2,1600,0.5,0.808125,0.7266251113089938,0.7046632124352331,0.75,0.13062800955165385,0.07862500900868326,885,171,136,408,0.8380681818181818,0.8922351966354723,0.7763595426894236,32,0.5,0.78125,0.6666666666666666,0.5833333333333334,0.7777777777777778,0.12399105949198903,0.17535450955333431,18,5,2,7,0.782608695652174,0.9082125603864735,0.8027676027676027
endo_fm,0.25,1,1600,0.5,0.75375,0.6167315175097277,0.6549586776859504,0.5827205882352942,0.1734456181708371,0.07617769474134548,889,167,227,317,0.8418560606060606,0.8091316427139037,0.6778475237079699,32,0.5,0.78125,0.5882352941176471,0.625,0.5555555555555556,0.15046304388687434,0.24931792727665622,20,3,4,5,0.8695652173913043,0.8164251207729468,0.7077489177489178
endo_fm,0.25,0,1600,0.5,0.708125,0.5325325325325325,0.5846153846153846,0.4889705882352941,0.20331788117793131,0.14973786612608816,867,189,278,266,0.8210227272727273,0.7728125696301248,0.5945919477609666,32,0.5,0.75,0.5555555555555556,0.5555555555555556,0.5555555555555556,0.1775934783229592,0.19944361775576538,19,4,4,5,0.8260869565217391,0.7294685990338163,0.6394229675143653
endo_fm,1.0,0,1672,0.5,0.8642344497607656,0.8020924149956408,0.7371794871794872,0.8795411089866156,0.09396615831161215,0.07375522323817336,985,164,63,460,0.8572671888598782,0.947823113289967,0.907532647834388,199,0.5,0.9045226130653267,0.8403361344537815,0.8064516129032258,0.8771929824561403,0.07983999563034024,0.09998672217074851,130,12,7,50,0.9154929577464789,0.9602174450210033,0.9085045150878315
endo_fm,0.1,2,1600,0.5,0.668125,0.367103694874851,0.5220338983050847,0.28308823529411764,0.27046479198457546,0.23990556414169983,915,141,390,154,0.8664772727272727,0.6244864778297683,0.4698801264596688,32,0.5,0.6875,0.375,0.42857142857142855,0.3333333333333333,0.23636488152949126,0.27731181886025114,19,4,6,3,0.8260869565217391,0.6376811594202898,0.44799663299663295
endo_fm,0.1,1,1600,0.5,0.78375,0.7398496240601504,0.6259541984732825,0.9044117647058824,0.15335672495528285,0.16246298807207496,762,294,52,492,0.7215909090909091,0.895236255013369,0.8041853760520612,32,0.5,0.75,0.6363636363636364,0.5384615384615384,0.7777777777777778,0.1673963907808711,0.22141812148218215,17,6,2,7,0.7391304347826086,0.8647342995169082,0.7243386243386243
endo_fm,0.1,0,1600,0.5,0.83375,0.7808896210873146,0.7074626865671642,0.8713235294117647,0.13066776348966289,0.10385455525945872,860,196,70,474,0.8143939393939394,0.8975653826871659,0.7630892412399598,32,0.5,0.8125,0.7,0.6363636363636364,0.7777777777777778,0.14932545931866986,0.1882377781250571,19,4,2,7,0.8260869565217391,0.8405797101449275,0.7098187387661072
endo_fm,1.0,2,1600,0.5,0.689375,0.5566458519179304,0.5407279029462738,0.5735294117647058,0.21172826355934815,0.15690263442860442,791,265,232,312,0.7490530303030303,0.7691012839795011,0.6084939858366551,32,0.5,0.65625,0.5217391304347826,0.42857142857142855,0.6666666666666666,0.1807145349402723,0.23523913166362312,15,8,3,6,0.6521739130434783,0.8067632850241546,0.678173249976319
endo_fm,1.0,1,1600,0.5,0.7,0.5348837209302325,0.5655737704918032,0.5073529411764706,0.20985811397227627,0.1459045499992203,844,212,268,276,0.7992424242424242,0.7648973651960784,0.6002264803546811,32,0.5,0.65625,0.5217391304347826,0.42857142857142855,0.6666666666666666,0.16872354501699238,0.22700723004829798,15,8,3,6,0.6521739130434783,0.8067632850241545,0.6923559264138974
endo_fm,1.0,0,1600,0.5,0.6875,0.5107632093933464,0.5460251046025104,0.4797794117647059,0.20863051807666014,0.14658376065246556,839,217,283,261,0.7945075757575758,0.7628032391934046,0.6016302945567805,32,0.5,0.71875,0.5714285714285714,0.5,0.6666666666666666,0.16712752178852996,0.18784815000225613,17,6,3,6,0.7391304347826086,0.78743961352657,0.640736732403399
endo_fm,0.05,2,1600,0.5,0.584375,0.03483309143686502,0.08275862068965517,0.022058823529411766,0.29363404553002675,0.26923361424502223,923,133,532,12,0.8740530303030303,0.5577773367869875,0.3569473584018098,32,0.5,0.65625,0.0,0.0,0.0,0.25295614605205435,0.2612404265903747,21,2,9,0,0.9130434782608695,0.5410628019323671,0.3146685858653404
endo_fm,0.05,1,1600,0.5,0.81625,0.7533557046979866,0.6929012345679012,0.8253676470588235,0.12419584601847486,0.08121648676526093,857,199,95,449,0.8115530303030303,0.9061116101270054,0.8240638839198476,32,0.5,0.84375,0.7619047619047619,0.6666666666666666,0.8888888888888888,0.12487952188392892,0.15005148775816712,19,4,1,8,0.8260869565217391,0.9130434782608696,0.8454005383829944
endo_fm,0.05,0,1600,0.5,0.734375,0.4640605296343001,0.7389558232931727,0.3382352941176471,0.1812246432524141,0.15532697383692717,991,65,360,184,0.9384469696969697,0.8425976214349377,0.7182281578435026,32,0.5,0.8125,0.5,1.0,0.3333333333333333,0.15765855912154797,0.17733545158085712,23,0,6,3,1.0,0.7729468599033816,0.7016329966329966
endo_fm,0.5,2,1600,0.5,0.74,0.6169429097605893,0.6180811808118081,0.6158088235294118,0.19062690641609983,0.13857601902964234,849,207,209,335,0.8039772727272727,0.8049921317959002,0.5764259993862046,32,0.5,0.6875,0.5,0.45454545454545453,0.5555555555555556,0.17873659273274772,0.22611849298433834,17,6,4,5,0.7391304347826086,0.7777777777777778,0.561046361046361
endo_fm,0.5,1,1600,0.5,0.78875,0.6718446601941748,0.7119341563786008,0.6360294117647058,0.15546016823628678,0.134444267166773,916,140,198,346,0.8674242424242424,0.8620975378787878,0.6084571432435968,32,0.5,0.875,0.75,0.8571428571428571,0.6666666666666666,0.1240741315516146,0.18001897491690788,22,1,3,6,0.9565217391304348,0.9178743961352657,0.7276455026455027
endo_fm,0.5,0,1600,0.5,0.85125,0.7993254637436762,0.7383177570093458,0.8713235294117647,0.11817301200874805,0.12718315266072752,888,168,70,474,0.8409090909090909,0.908798462566845,0.7509105738215635,32,0.5,0.90625,0.8421052631578947,0.8,0.8888888888888888,0.12089792555572197,0.2223293367649778,21,2,1,8,0.9130434782608695,0.893719806763285,0.7030864197530864
dinov2_vits14,0.25,2,1600,0.5,0.845,0.7638095238095238,0.7924901185770751,0.7371323529411765,0.11781140005394711,0.054783025643555444,951,105,143,401,0.9005681818181818,0.9065964098707665,0.7942477073661186,32,0.5,0.84375,0.7368421052631579,0.7,0.7777777777777778,0.10829492485886136,0.18993445552632776,20,3,2,7,0.8695652173913043,0.9178743961352657,0.7898860398860398
dinov2_vits14,0.25,1,1600,0.5,0.7875,0.6436058700209644,0.748780487804878,0.5643382352941176,0.14642831565535083,0.05078462204633978,953,103,237,307,0.9024621212121212,0.8533258829099821,0.7467504053971274,32,0.5,0.8125,0.625,0.7142857142857143,0.5555555555555556,0.1191193551359877,0.1545074658551182,21,2,4,5,0.9130434782608695,0.8840579710144927,0.782788199454866
dinov2_vits14,0.25,0,1600,0.5,0.7575,0.626204238921002,0.6578947368421053,0.5974264705882353,0.17797336340856962,0.11819293139036743,887,169,219,325,0.8399621212121212,0.7942186107397504,0.5700869644500315,32,0.5,0.75,0.5555555555555556,0.5555555555555556,0.5555555555555556,0.18360678286006898,0.28672094033907874,19,4,4,5,0.8260869565217391,0.7053140096618358,0.5665529841558763
dinov2_vits14,1.0,0,1672,0.5,0.8373205741626795,0.7605633802816901,0.7047308319738989,0.8260038240917782,0.11881034313291561,0.06929078345343294,968,181,91,432,0.8424717145343777,0.9081627219279546,0.7993540368412618,199,0.5,0.8391959798994975,0.75,0.676056338028169,0.8421052631578947,0.10156020098916366,0.10823916550514565,119,23,9,48,0.8380281690140845,0.9361255250803063,0.8122748470989101
dinov2_vits14,0.1,2,1600,0.5,0.840625,0.7666971637694419,0.7632058287795993,0.7702205882352942,0.11683305769307242,0.04243364852416562,926,130,125,419,0.8768939393939394,0.9052264371657754,0.8150536321281788,32,0.5,0.8125,0.7,0.6363636363636364,0.7777777777777778,0.10603265377622278,0.19203369162222814,19,4,2,7,0.8260869565217391,0.9323671497584541,0.8388278388278387
dinov2_vits14,0.1,1,1600,0.5,0.84,0.7773913043478261,0.7376237623762376,0.8216911764705882,0.12831475124917133,0.08326200282230273,897,159,97,447,0.8494318181818182,0.8878345727495545,0.7774519012077813,32,0.5,0.875,0.8,0.7272727272727273,0.8888888888888888,0.13875827268447816,0.22102814689687605,20,3,1,8,0.8695652173913043,0.855072463768116,0.6795695045695046
dinov2_vits14,0.1,0,1600,0.5,0.796875,0.7372675828617623,0.658008658008658,0.8382352941176471,0.16120179608059457,0.1238981441676151,819,237,88,456,0.7755681818181818,0.8470748384581106,0.6720464314677149,32,0.5,0.8125,0.7272727272727273,0.6153846153846154,0.8888888888888888,0.17144791117200575,0.20445363067958214,18,5,1,8,0.782608695652174,0.826086956521739,0.6847883597883597
dinov2_vits14,1.0,2,1600,0.5,0.7675,0.6809605488850772,0.6382636655948553,0.7297794117647058,0.16269251097724535,0.06920845324639233,831,225,147,397,0.7869318181818182,0.8344265262923353,0.6557538802156906,32,0.5,0.78125,0.6666666666666666,0.5833333333333334,0.7777777777777778,0.14718915290545992,0.16814903656949035,18,5,2,7,0.782608695652174,0.8502415458937198,0.7659259259259259
dinov2_vits14,1.0,1,1600,0.5,0.7375,0.559748427672956,0.651219512195122,0.49080882352941174,0.1776449824764126,0.07471442609064981,913,143,277,267,0.8645833333333334,0.7955816204322638,0.6239178581900343,32,0.5,0.78125,0.5882352941176471,0.625,0.5555555555555556,0.13667218806091136,0.16349814701071688,20,3,4,5,0.8695652173913043,0.8357487922705314,0.7649470899470898
dinov2_vits14,1.0,0,1600,0.5,0.786875,0.7092924126172208,0.6613672496025437,0.7647058823529411,0.1579644082259292,0.11744237177772447,843,213,128,416,0.7982954545454546,0.8584071412655971,0.6740053066068892,32,0.5,0.6875,0.5454545454545454,0.46153846153846156,0.6666666666666666,0.18567556411164401,0.18081960754320534,16,7,3,6,0.6956521739130435,0.7971014492753623,0.6474009096816115
dinov2_vits14,0.05,2,1600,0.5,0.340625,0.507239607659972,0.3400125234815279,0.9981617647058824,0.5219185675673428,0.556255468800664,2,1054,1,543,0.001893939393939394,0.6887811942959001,0.5223172801213576,32,0.5,0.28125,0.43902439024390244,0.28125,1.0,0.5532806942069627,0.6167265459797847,0,23,0,9,0.0,0.6570048309178744,0.4877314814814815
dinov2_vits14,0.05,1,1600,0.5,0.73375,0.5705645161290323,0.6316964285714286,0.5202205882352942,0.21763967248226748,0.19513556317636585,891,165,261,283,0.84375,0.7927128592914439,0.6751660995805367,32,0.5,0.8125,0.6666666666666666,0.6666666666666666,0.6666666666666666,0.14222349336674178,0.1946491024077699,20,3,3,6,0.8695652173913043,0.8454106280193237,0.7805283224400872
dinov2_vits14,0.05,0,1600,0.5,0.806875,0.6764397905759162,0.7858880778588808,0.59375,0.14361865454840106,0.09836505647792364,968,88,221,323,0.9166666666666666,0.874728442513369,0.731225761193252,32,0.5,0.8125,0.625,0.7142857142857143,0.5555555555555556,0.1495106390326854,0.15697736718838015,21,2,4,5,0.9130434782608695,0.8309178743961352,0.700998075998076
dinov2_vits14,0.5,2,1600,0.5,0.786875,0.6792097836312324,0.6955684007707129,0.6636029411764706,0.14790593865019527,0.0664980637592089,898,158,183,361,0.8503787878787878,0.8655564143270944,0.697804879902932,32,0.5,0.84375,0.7368421052631579,0.7,0.7777777777777778,0.1303626046304878,0.11597683651400892,20,3,2,7,0.8695652173913043,0.8888888888888888,0.7722222222222223
dinov2_vits14,0.5,1,1600,0.5,0.785,0.6923076923076923,0.6742160278745645,0.7113970588235294,0.14550028939047116,0.0622988003876526,869,187,157,387,0.8229166666666666,0.859610001671123,0.7527712780592364,32,0.5,0.84375,0.7368421052631579,0.7,0.7777777777777778,0.13150674733683018,0.21884795594108414,20,3,2,7,0.8695652173913043,0.893719806763285,0.8
dinov2_vits14,0.5,0,1600,0.5,0.81875,0.7665056360708534,0.6819484240687679,0.875,0.13643195455122947,0.12261457119166153,834,222,68,476,0.7897727272727273,0.8859232258244207,0.6751874669142562,32,0.5,0.75,0.6666666666666666,0.5333333333333333,0.8888888888888888,0.16218271521879335,0.24431747108020302,16,7,1,8,0.6956521739130435,0.8647342995169082,0.6293971460638127
resnet50,0.25,2,1600,0.5,0.784375,0.6349206349206349,0.7481296758104738,0.5514705882352942,0.17891833961994838,0.17493312442675235,955,101,244,300,0.9043560606060606,0.8807444852941176,0.7766478863152168,32,0.5,0.78125,0.5882352941176471,0.625,0.5555555555555556,0.17974667749896373,0.2371564513432005,20,3,4,5,0.8695652173913043,0.8840579710144927,0.7531255237137591
resnet50,0.25,1,1600,0.5,0.7175,0.5221987315010571,0.6144278606965174,0.4540441176470588,0.17816486176607418,0.13605697691906243,901,155,297,247,0.853219696969697,0.8142790496880571,0.6170266351624842,32,0.5,0.71875,0.47058823529411764,0.5,0.4444444444444444,0.18761909675391847,0.17275383541463254,19,4,5,4,0.8260869565217391,0.7536231884057971,0.4490111195993549
resnet50,0.25,0,1600,0.5,0.649375,0.2978723404255319,0.4666666666666667,0.21875,0.25190804077912793,0.22917797826543393,920,136,425,119,0.8712121212121212,0.7661332999108733,0.4973532612300827,32,0.5,0.65625,0.26666666666666666,0.3333333333333333,0.2222222222222222,0.24974774849322873,0.2521501034486346,19,4,7,2,0.8260869565217391,0.6521739130434783,0.3750373482726424
resnet50,1.0,0,1672,0.5,0.9832535885167464,0.9732824427480916,0.9714285714285714,0.9751434034416826,0.012523172261689478,0.011383585096453167,1134,15,13,510,0.9869451697127938,0.9991954097585896,0.9983099045649696,199,0.5,0.9899497487437185,0.9824561403508771,0.9824561403508771,0.9824561403508771,0.005309085383396372,0.012307266099844942,141,1,1,56,0.9929577464788732,0.9998764516926119,0.9996975196612222
resnet50,0.1,2,1600,0.5,0.674375,0.48971596474045054,0.5241090146750524,0.45955882352941174,0.24327955478795885,0.1590234332717955,829,227,294,250,0.7850378787878788,0.7052748301024956,0.48378800293139645,32,0.5,0.5625,0.36363636363636365,0.3076923076923077,0.4444444444444444,0.24978277669053117,0.2239996024531989,14,9,5,4,0.6086956521739131,0.642512077294686,0.38819456047526224
resnet50,0.1,1,1600,0.5,0.820625,0.7172413793103448,0.772823779193206,0.6691176470588235,0.16161397160067953,0.18862280936911704,949,107,180,364,0.8986742424242424,0.9052612522281641,0.8199769214058593,32,0.5,0.78125,0.631578947368421,0.6,0.6666666666666666,0.17580657220474294,0.18709662735803242,19,4,3,6,0.8260869565217391,0.8743961352657006,0.7495929995929996
resnet50,0.1,0,1600,0.5,0.655625,0.11556982343499198,0.45569620253164556,0.0661764705882353,0.2590451731079811,0.251893027966089,1013,43,508,36,0.959280303030303,0.7921314477495544,0.55868861737842,32,0.5,0.6875,0.0,0.0,0.0,0.23262858703018802,0.21412371433276656,22,1,9,0,0.9565217391304348,0.7198067632850241,0.47396971220500633
resnet50,1.0,2,1600,0.5,0.79,0.654320987654321,0.7429906542056075,0.5845588235294118,0.14216131655951356,0.09534101005458068,946,110,226,318,0.8958333333333334,0.8905292585784312,0.7269408861249438,32,0.5,0.84375,0.7058823529411765,0.75,0.6666666666666666,0.1355748179965322,0.15525960655229665,21,2,3,6,0.9130434782608695,0.8695652173913043,0.6628639334521687
resnet50,1.0,1,1600,0.5,0.77625,0.6223628691983122,0.7301980198019802,0.5422794117647058,0.15964887305326236,0.11139207983191457,947,109,249,295,0.896780303030303,0.8683538045900179,0.769480298233281,32,0.5,0.8125,0.625,0.7142857142857143,0.5555555555555556,0.13246635767177595,0.16602293243535632,21,2,4,5,0.9130434782608695,0.888888888888889,0.6602471602471602
resnet50,1.0,0,1600,0.5,0.748125,0.47865459249676584,0.8078602620087336,0.3400735294117647,0.1492833973157738,0.11133346896767762,1012,44,359,185,0.9583333333333334,0.8765510110294119,0.7742746609849109,32,0.5,0.71875,0.3076923076923077,0.5,0.2222222222222222,0.14304337741956152,0.16402452814070909,21,2,7,2,0.9130434782608695,0.8599033816425121,0.651521164021164
resnet50,0.05,2,1600,0.5,0.563125,0.19747416762342135,0.26299694189602446,0.15808823529411764,0.24960302900538772,0.16363201526924967,815,241,458,86,0.771780303030303,0.39343457553475936,0.2904128409598903,32,0.5,0.53125,0.11764705882352941,0.125,0.1111111111111111,0.24995818209858522,0.21250637657916482,16,7,8,1,0.6956521739130435,0.3333333333333333,0.24604928995575323
resnet50,0.05,1,1600,0.5,0.74875,0.5794979079497908,0.6723300970873787,0.5091911764705882,0.1649132617813301,0.09252422587698675,921,135,267,277,0.8721590909090909,0.8434958500445633,0.6393651148594377,32,0.5,0.6875,0.4444444444444444,0.4444444444444444,0.4444444444444444,0.15383859454639648,0.16607221916592416,18,5,5,4,0.782608695652174,0.8309178743961354,0.7235717498875394
resnet50,0.05,0,1600,0.5,0.658125,0.2735723771580345,0.49282296650717705,0.18933823529411764,0.24507227191373598,0.20587940008070288,950,106,441,103,0.8996212121212122,0.7342096284536542,0.5000998754008827,32,0.5,0.65625,0.0,0.0,0.0,0.23305702501434894,0.2728710039218246,21,2,9,0,0.9130434782608695,0.6183574879227054,0.36417104280881374
resnet50,0.5,2,1600,0.5,0.76625,0.5661252900232019,0.7672955974842768,0.4485294117647059,0.17055770637863318,0.11972944335587273,982,74,300,244,0.9299242424242424,0.8577108400178253,0.7516104650048798,32,0.5,0.71875,0.3076923076923077,0.5,0.2222222222222222,0.15190103266106703,0.1673518226284476,21,2,7,2,0.9130434782608695,0.8502415458937198,0.6632173382173382
resnet50,0.5,1,1600,0.5,0.76875,0.6567717996289425,0.6629213483146067,0.6507352941176471,0.16149824399494608,0.12499068272411024,876,180,190,354,0.8295454545454546,0.8680056539661319,0.7101109627173521,32,0.5,0.75,0.6,0.5454545454545454,0.6666666666666666,0.1424805568800862,0.22568015117718251,18,5,3,6,0.782608695652174,0.8599033816425121,0.6338522588522588
resnet50,0.5,0,1600,0.5,0.77125,0.5307692307692308,0.8771186440677966,0.3805147058823529,0.14108830117194526,0.11365114055166486,1027,29,337,207,0.9725378787878788,0.9041245404411764,0.8029360965201566,32,0.5,0.8125,0.5714285714285714,0.8,0.4444444444444444,0.13230244875793168,0.17181818566771476,22,1,5,4,0.9565217391304348,0.8985507246376812,0.7731922398589065
