image_id,patient_id,label,logit,prob
P055 (1).jpg,P055,0,-0.374955952167511,0.4073440134525299
P055 (10).jpg,P055,0,-0.2834651470184326,0.4296044707298279
P055 (2).jpg,P055,0,-0.3560124635696411,0.41192516684532166
P055 (3).jpg,P055,0,-1.5647400617599487,0.17296752333641052
P055 (4).jpg,P055,0,-0.7519408464431763,0.3203985393047333
P055 (5).jpg,P055,0,-1.1063048839569092,0.24856042861938477
P055 (6).jpg,P055,0,0.002526272088289261,0.50063157081604
P055 (7).jpg,P055,0,-0.32752060890197754,0.4188440144062042
P055 (8).jpg,P055,0,0.4458169937133789,0.6096442341804504
P055 (9).jpg,P055,0,-0.3353074789047241,0.4169498085975647
P115 (1).jpg,P115,0,0.38838982582092285,0.5958950519561768
P115 (10).jpg,P115,0,1.3715357780456543,0.7976282238960266
P115 (11).jpg,P115,0,1.4653531312942505,0.8123500943183899
P115 (12).jpg,P115,0,1.4085516929626465,0.8035373687744141
P115 (13).jpg,P115,0,1.3351612091064453,0.7916930913925171
P115 (14).jpg,P115,0,1.4166420698165894,0.8048114776611328
P115 (15).jpg,P115,0,1.5967844724655151,0.8315685391426086
P115 (16).jpg,P115,0,1.3923522233963013,0.8009675145149231
P115 (17).jpg,P115,0,1.054591417312622,0.7416556477546692
P115 (18).jpg,P115,0,1.0799617767333984,0.7464867234230042
P115 (19).jpg,P115,0,2.3398518562316895,0.9121242761611938
P115 (2).jpg,P115,0,0.2692246437072754,0.5669025778770447
P115 (20).jpg,P115,0,0.909099817276001,0.7128159403800964
P115 (21).jpg,P115,0,0.8357324600219727,0.6975656747817993
P115 (22).jpg,P115,0,0.8854432702064514,0.7079489231109619
P115 (23).jpg,P115,0,0.4197366237640381,0.6034201979637146
P115 (24).jpg,P115,0,0.75525963306427,0.6803236603736877
P115 (25).jpg,P115,0,0.7013869881629944,0.6684951782226562
P115 (26).jpg,P115,0,0.8490353226661682,0.7003647089004517
P115 (27).jpg,P115,0,0.9497048258781433,0.7210558652877808
P115 (28).jpg,P115,0,2.220791816711426,0.9021011590957642
P115 (29).jpg,P115,0,0.978239119052887,0.7267587184906006
P115 (3).jpg,P115,0,0.46160852909088135,0.6133956909179688
P115 (30).jpg,P115,0,0.673528790473938,0.6622928380966187
P115 (31).jpg,P115,0,0.587624728679657,0.6428200006484985
P115 (32).jpg,P115,0,2.587519645690918,0.9300540089607239
P115 (33).jpg,P115,0,2.2193915843963623,0.9019773602485657
P115 (34).jpg,P115,0,2.0047199726104736,0.8812917470932007
P115 (35).jpg,P115,0,2.308253049850464,0.9095582365989685
P115 (36).jpg,P115,0,0.6379445195198059,0.6542887091636658
P115 (37).jpg,P115,0,1.1466119289398193,0.7588915228843689
P115 (38).jpg,P115,0,0.7804908752441406,0.6857858896255493
P115 (39).jpg,P115,0,0.3692378103733063,0.5912747979164124
P115 (4).jpg,P115,0,-0.0670398622751236,0.4832463264465332
P115 (40).jpg,P115,0,0.5858411192893982,0.6424103379249573
P115 (41).jpg,P115,0,0.5494176149368286,0.6340004205703735
P115 (42).jpg,P115,0,0.8994454741477966,0.7108355760574341
P115 (43).jpg,P115,0,0.6723302006721497,0.662024736404419
P115 (44).jpg,P115,0,0.8483791351318359,0.7002270221710205
P115 (45).jpg,P115,0,0.6013420820236206,0.6459633111953735
P115 (5).jpg,P115,0,0.367506206035614,0.5908562541007996
P115 (6).jpg,P115,0,1.151106595993042,0.7597129940986633
P115 (7).jpg,P115,0,0.9392589926719666,0.7189499139785767
P115 (8).jpg,P115,0,1.0108098983764648,0.7331786155700684
P115 (9).jpg,P115,0,1.2042368650436401,0.7692776322364807
P167 (1).jpg,P167,0,1.4005117416381836,0.8022650480270386
P167 (10).jpg,P167,0,0.8812795281410217,0.7070872783660889
P167 (11).jpg,P167,0,0.7536998987197876,0.6799843311309814
P167 (12).jpg,P167,0,0.852583646774292,0.7011088132858276
P167 (13).jpg,P167,0,0.9745326042175293,0.7260220050811768
P167 (14).jpg,P167,0,1.0794732570648193,0.7463942766189575
P167 (15).jpg,P167,0,0.4477546811103821,0.6101052761077881
P167 (16).jpg,P167,0,0.3153153657913208,0.5781821608543396
P167 (17).jpg,P167,0,0.2571943700313568,0.5639464855194092
P167 (18).jpg,P167,0,0.4903486967086792,0.6201885938644409
P167 (19).jpg,P167,0,0.9850406050682068,0.728107213973999
P167 (2).jpg,P167,0,0.755171537399292,0.6803044676780701
P167 (3).jpg,P167,0,0.7110768556594849,0.6706390380859375
P167 (4).jpg,P167,0,0.7664822340011597,0.6827594637870789
P167 (5).jpg,P167,0,0.7227181196212769,0.6732053160667419
P167 (6).jpg,P167,0,0.3917417526245117,0.5967019200325012
P167 (7).jpg,P167,0,0.23536978662014008,0.5585722327232361
P167 (8).jpg,P167,0,0.8265563249588013,0.6956262588500977
P167 (9).jpg,P167,0,0.7122737169265747,0.6709033846855164
P123 (1).jpg,P123,0,-1.5038020610809326,0.18185915052890778
P123 (10).jpg,P123,0,-0.8638387322425842,0.29653796553611755
P123 (11).jpg,P123,0,-1.1818838119506836,0.23471365869045258
P123 (12).jpg,P123,0,-0.617015540599823,0.3504605293273926
P123 (13).jpg,P123,0,-0.590325117111206,0.35656026005744934
P123 (14).jpg,P123,0,-0.8532525897026062,0.29875099658966064
P123 (15).jpg,P123,0,-0.806267261505127,0.3086864948272705
P123 (16).jpg,P123,0,-1.0105825662612915,0.2668658494949341
P123 (17).jpg,P123,0,-0.8282424211502075,0.3040168285369873
P123 (18).jpg,P123,0,-0.9168480634689331,0.28560054302215576
P123 (19).jpg,P123,0,-0.8019140362739563,0.30961623787879944
P123 (2).jpg,P123,0,-1.3775020837783813,0.20141048729419708
P123 (20).jpg,P123,0,-0.9646942615509033,0.27593931555747986
P123 (21).jpg,P123,0,-0.8516418933868408,0.2990885376930237
P123 (22).jpg,P123,0,-0.6799862384796143,0.33626437187194824
P123 (23).jpg,P123,0,-0.7006275653839111,0.3316730856895447
P123 (24).jpg,P123,0,-1.3159594535827637,0.21149133145809174
P123 (25).jpg,P123,0,-0.9610038995742798,0.2766772508621216
P123 (26).jpg,P123,0,-0.7111561298370361,0.32934343814849854
P123 (27).jpg,P123,0,-1.292868733406067,0.2153676599264145
P123 (28).jpg,P123,0,-1.32938814163208,0.20926059782505035
P123 (29).jpg,P123,0,0.3881235122680664,0.5958309173583984
P123 (3).jpg,P123,0,-1.3331294059753418,0.20864219963550568
P123 (30).jpg,P123,0,-1.2700272798538208,0.2192525714635849
P123 (31).jpg,P123,0,-0.5768312215805054,0.3596620559692383
P123 (32).jpg,P123,0,-1.1531184911727905,0.23991991579532623
P123 (33).jpg,P123,0,-1.1354120969772339,0.24316370487213135
P123 (34).jpg,P123,0,-0.9734301567077637,0.2741973102092743
P123 (35).jpg,P123,0,-0.7974780201911926,0.3105652332305908
P123 (36).jpg,P123,0,-0.7382699251174927,0.32338258624076843
P123 (37).jpg,P123,0,-1.0189391374588013,0.2652340829372406
P123 (38).jpg,P123,0,-1.1894822120666504,0.23335157334804535
P123 (39).jpg,P123,0,-0.9642308354377747,0.2760319113731384
P123 (4).jpg,P123,0,-1.3639187812805176,0.20360414683818817
P123 (40).jpg,P123,0,-1.4845863580703735,0.18473568558692932
P123 (41).jpg,P123,0,-1.47468900680542,0.18623095750808716
P123 (42).jpg,P123,0,-1.8137352466583252,0.14018729329109192
P123 (43).jpg,P123,0,-0.6915416717529297,0.33369022607803345
P123 (44).jpg,P123,0,-0.6830316781997681,0.33558499813079834
P123 (45).jpg,P123,0,-0.9655702114105225,0.2757643163204193
P123 (46).jpg,P123,0,0.2220139056444168,0.5552765727043152
P123 (47).jpg,P123,0,0.3290729820728302,0.5815337896347046
P123 (48).jpg,P123,0,0.5510953664779663,0.6343896985054016
P123 (49).jpg,P123,0,0.4049353301525116,0.5998728275299072
P123 (5).jpg,P123,0,-0.8253958225250244,0.3046194911003113
P123 (50).jpg,P123,0,0.5582970976829529,0.6360583901405334
P123 (51).jpg,P123,0,0.3140639066696167,0.5778769254684448
P123 (52).jpg,P123,0,0.5998730659484863,0.6456272602081299
P123 (53).jpg,P123,0,0.571925938129425,0.6392074227333069
P123 (54).jpg,P123,0,-0.24696634709835052,0.4385703206062317
P123 (55).jpg,P123,0,-0.28463006019592285,0.42931902408599854
P123 (6).jpg,P123,0,-1.3523601293563843,0.2054847776889801
P123 (7).jpg,P123,0,-0.6922605633735657,0.33353039622306824
P123 (8).jpg,P123,0,-1.1412899494171143,0.2420836240053177
P123 (9).jpg,P123,0,-0.307297945022583,0.4237744212150574
P124 (1).jpg,P124,0,-0.5208171606063843,0.37266117334365845
P124 (10).jpg,P124,0,-0.7643353343009949,0.31770575046539307
P124 (11).jpg,P124,0,-0.8511227369308472,0.29919737577438354
P124 (12).jpg,P124,0,-1.2523671388626099,0.22229065001010895
P124 (13).jpg,P124,0,-0.9629552960395813,0.27628687024116516
P124 (14).jpg,P124,0,-1.5332443714141846,0.17751950025558472
P124 (15).jpg,P124,0,-1.3868850469589233,0.19990551471710205
P124 (16).jpg,P124,0,-1.8840532302856445,0.13192400336265564
P124 (17).jpg,P124,0,-0.352283239364624,0.41282886266708374
P124 (18).jpg,P124,0,-1.304542064666748,0.21340158581733704
P124 (19).jpg,P124,0,-0.11092056334018707,0.4722982347011566
P124 (2).jpg,P124,0,-0.528721809387207,0.37081506848335266
P124 (20).jpg,P124,0,-1.8210052251815796,0.13931329548358917
P124 (3).jpg,P124,0,-0.5626843571662903,0.36292657256126404
P124 (4).jpg,P124,0,-0.5911163687705994,0.3563787341117859
P124 (5).jpg,P124,0,-0.23187948763370514,0.44228848814964294
P124 (6).jpg,P124,0,-0.7693735361099243,0.31661462783813477
P124 (7).jpg,P124,0,-0.946542501449585,0.279580682516098
P124 (8).jpg,P124,0,-0.6790956854820251,0.33646315336227417
P124 (9).jpg,P124,0,-0.7990036010742188,0.31023868918418884
P164 (1).jpg,P164,0,-1.1168091297149658,0.24660362303256989
P164 (10).jpg,P164,0,-1.301875114440918,0.21384960412979126
P164 (11).jpg,P164,0,-1.931489109992981,0.12658584117889404
P164 (12).jpg,P164,0,-0.8976457118988037,0.2895345389842987
P164 (13).jpg,P164,0,-0.10602881014347076,0.4735175669193268
P164 (14).jpg,P164,0,-0.5692058801651001,0.3614200949668884
P164 (15).jpg,P164,0,-0.5271985530853271,0.3711705207824707
P164 (16).jpg,P164,0,-0.5312914848327637,0.3702157139778137
P164 (17).jpg,P164,0,-0.5525603294372559,0.36527058482170105
P164 (18).jpg,P164,0,-0.6596635580062866,0.3408151865005493
P164 (19).jpg,P164,0,-1.1760344505310059,0.2357659786939621
P164 (2).jpg,P164,0,-1.3737742900848389,0.20201075077056885
P164 (20).jpg,P164,0,-0.15663816034793854,0.4609203338623047
P164 (21).jpg,P164,0,-0.24768953025341034,0.4383922815322876
P164 (22).jpg,P164,0,-1.1190623044967651,0.24618525803089142
P164 (23).jpg,P164,0,-0.9412330389022827,0.280651330947876
P164 (24).jpg,P164,0,-0.3253258466720581,0.4193783700466156
P164 (25).jpg,P164,0,-0.5047470331192017,0.37642571330070496
P164 (26).jpg,P164,0,-0.7842857837677002,0.31339696049690247
P164 (27).jpg,P164,0,-0.6661019921302795,0.3393702507019043
P164 (28).jpg,P164,0,-0.2784554660320282,0.43083247542381287
P164 (29).jpg,P164,0,-0.33953142166137695,0.4159232974052429
P164 (3).jpg,P164,0,-1.7103967666625977,0.1531122624874115
P164 (30).jpg,P164,0,-0.46597298979759216,0.38556981086730957
P164 (31).jpg,P164,0,-0.29540231823921204,0.4266818165779114
P164 (32).jpg,P164,0,-0.42705947160720825,0.3948287069797516
P164 (33).jpg,P164,0,0.2807685136795044,0.5697346329689026
P164 (34).jpg,P164,0,-0.9502767324447632,0.2788291573524475
P164 (35).jpg,P164,0,-0.4803839921951294,0.3821614682674408
P164 (36).jpg,P164,0,-0.3791728913784027,0.40632638335227966
P164 (37).jpg,P164,0,-0.565161943435669,0.3623539209365845
P164 (38).jpg,P164,0,-0.5778452157974243,0.3594285547733307
P164 (39).jpg,P164,0,-0.6510290503501892,0.3427577018737793
P164 (4).jpg,P164,0,-1.3084969520568848,0.21273846924304962
P164 (40).jpg,P164,0,-0.5580663084983826,0.3639949858188629
P164 (41).jpg,P164,0,-0.6707692742347717,0.33832457661628723
P164 (42).jpg,P164,0,-0.41389837861061096,0.397977739572525
P164 (43).jpg,P164,0,-0.5409364700317383,0.3679697513580322
P164 (44).jpg,P164,0,-0.21304304897785187,0.44693976640701294
P164 (45).jpg,P164,0,0.25502875447273254,0.5634138584136963
P164 (46).jpg,P164,0,0.3333786427974701,0.5825812220573425
P164 (47).jpg,P164,0,0.23354406654834747,0.5581220388412476
P164 (48).jpg,P164,0,0.06961636245250702,0.5173971056938171
P164 (49).jpg,P164,0,-0.9419703483581543,0.2805025279521942
P164 (5).jpg,P164,0,-1.211899995803833,0.2293650358915329
P164 (50).jpg,P164,0,-0.6824474930763245,0.33571526408195496
P164 (51).jpg,P164,0,-0.7990390062332153,0.31023111939430237
P164 (52).jpg,P164,0,-1.0778753757476807,0.25390830636024475
P164 (53).jpg,P164,0,-0.8447497487068176,0.3005353808403015
P164 (54).jpg,P164,0,-0.4665054678916931,0.38544368743896484
P164 (55).jpg,P164,0,-1.0635874271392822,0.2566244900226593
P164 (56).jpg,P164,0,-1.0006707906723022,0.26880955696105957
P164 (57).jpg,P164,0,-1.1794536113739014,0.23515044152736664
P164 (58).jpg,P164,0,-1.0197699069976807,0.265072226524353
P164 (59).jpg,P164,0,-1.3635737895965576,0.20366008579730988
P164 (6).jpg,P164,0,-1.346090316772461,0.2065102905035019
P164 (60).jpg,P164,0,-0.7187514901161194,0.3276679813861847
P164 (61).jpg,P164,0,-0.9934477806091309,0.27023160457611084
P164 (62).jpg,P164,0,-1.5333703756332397,0.17750109732151031
P164 (63).jpg,P164,0,-2.7176032066345215,0.061942584812641144
P164 (64).jpg,P164,0,-1.5581445693969727,0.17391304671764374
P164 (65).jpg,P164,0,-1.6246914863586426,0.16455887258052826
P164 (66).jpg,P164,0,0.09403200447559357,0.5234906673431396
P164 (67).jpg,P164,0,-1.5282275676727295,0.1782531589269638
P164 (68).jpg,P164,0,-1.3918853998184204,0.19910694658756256
P164 (69).jpg,P164,0,-0.6761412024497986,0.3371230661869049
P164 (7).jpg,P164,0,-0.909887433052063,0.2870228588581085
P164 (70).jpg,P164,0,-0.7190505862236023,0.3276020884513855
P164 (71).jpg,P164,0,-0.030182968825101852,0.49245485663414
P164 (72).jpg,P164,0,0.05269085243344307,0.5131696462631226
P164 (8).jpg,P164,0,-1.3519117832183838,0.20555800199508667
P164 (9).jpg,P164,0,-1.4332858324050903,0.1925872266292572
P052 (1).jpg,P052,0,-1.30295991897583,0.21366730332374573
P052 (10).jpg,P052,0,-0.950268030166626,0.2788309156894684
P052 (11).jpg,P052,0,-0.58808434009552,0.357074499130249
P052 (12).jpg,P052,0,-0.3202432692050934,0.4206164479255676
P052 (13).jpg,P052,0,-0.4928818345069885,0.379214882850647
P052 (14).jpg,P052,0,-1.547132968902588,0.175500750541687
P052 (15).jpg,P052,0,-1.7598069906234741,0.1468145102262497
P052 (16).jpg,P052,0,-0.3269832134246826,0.4189748167991638
P052 (17).jpg,P052,0,-1.12359619140625,0.2453448474407196
P052 (18).jpg,P052,0,-0.9594695568084717,0.27698442339897156
P052 (19).jpg,P052,0,-0.8107284307479858,0.30773529410362244
P052 (2).jpg,P052,0,-2.157073736190796,0.10367205739021301
P052 (20).jpg,P052,0,-0.7828965187072754,0.3136959671974182
P052 (21).jpg,P052,0,-1.1868793964385986,0.23381753265857697
P052 (22).jpg,P052,0,-1.022386908531189,0.264562726020813
P052 (23).jpg,P052,0,-0.983802080154419,0.2721380293369293
P052 (24).jpg,P052,0,-1.5443800687789917,0.1758994460105896
P052 (25).jpg,P052,0,-1.3531184196472168,0.205361008644104
P052 (26).jpg,P052,0,-0.6963473558425903,0.33262255787849426
P052 (27).jpg,P052,0,0.4443635940551758,0.6092982888221741
P052 (3).jpg,P052,0,-1.5381215810775757,0.17680850625038147
P052 (4).jpg,P052,0,-0.8173010945320129,0.3063368797302246
P052 (5).jpg,P052,0,-0.5782602429389954,0.35933300852775574
P052 (6).jpg,P052,0,-0.6280860900878906,0.3479446470737457
P052 (7).jpg,P052,0,-0.4131324887275696,0.39816126227378845
P052 (8).jpg,P052,0,-0.8450087308883667,0.3004809319972992
P052 (9).jpg,P052,0,-0.792324423789978,0.31166979670524597
P049 (1).jpg,P049,0,-0.9467043876647949,0.2795480787754059
P049 (10).jpg,P049,0,1.015830159187317,0.7341595888137817
P049 (11).jpg,P049,0,-0.04524613544344902,0.48869043588638306
P049 (12).jpg,P049,0,0.08978424966335297,0.5224310159683228
P049 (13).jpg,P049,0,-0.6695230603218079,0.3386036455631256
P049 (14).jpg,P049,0,-0.5612139105796814,0.36326661705970764
P049 (15).jpg,P049,0,0.09137006103992462,0.522826611995697
P049 (16).jpg,P049,0,0.24853496253490448,0.5618159174919128
P049 (17).jpg,P049,0,-0.1739499717950821,0.45662182569503784
P049 (18).jpg,P049,0,0.9112517833709717,0.7132562398910522
P049 (19).jpg,P049,0,0.6487269401550293,0.6567234992980957
P049 (2).jpg,P049,0,-0.4974735975265503,0.378134548664093
P049 (20).jpg,P049,0,-2.2038960456848145,0.09940116852521896
P049 (21).jpg,P049,0,-1.6127855777740479,0.16620223224163055
P049 (22).jpg,P049,0,-1.9498153924942017,0.1245734840631485
P049 (23).jpg,P049,0,-1.9191396236419678,0.1279575377702713
P049 (24).jpg,P049,0,-0.6972620487213135,0.3324195444583893
P049 (25).jpg,P049,0,-1.5865991115570068,0.16986291110515594
P049 (26).jpg,P049,0,-1.1349899768829346,0.24324139952659607
P049 (3).jpg,P049,0,-0.6005474925041199,0.35421842336654663
P049 (4).jpg,P049,0,-0.7886507511138916,0.31245845556259155
P049 (5).jpg,P049,0,0.08552466332912445,0.521368145942688
P049 (6).jpg,P049,0,0.5504189729690552,0.6342328190803528
P049 (7).jpg,P049,0,-0.4278157949447632,0.394648015499115
P049 (8).jpg,P049,0,0.23214493691921234,0.5577769875526428
P049 (9).jpg,P049,0,-0.27822160720825195,0.4308898150920868
P014 (1).jpg,P014,0,-0.5072241425514221,0.37584447860717773
P014 (10).jpg,P014,0,-0.1444888859987259,0.46394047141075134
P014 (11).jpg,P014,0,-0.09437553584575653,0.47642362117767334
P014 (12).jpg,P014,0,-0.1556033045053482,0.4611774682998657
P014 (13).jpg,P014,0,-0.32114335894584656,0.4203971326351166
P014 (14).jpg,P014,0,-0.4199236035346985,0.3965350091457367
P014 (15).jpg,P014,0,-0.30250513553619385,0.4249451756477356
P014 (16).jpg,P014,0,0.14614252746105194,0.5364707708358765
P014 (17).jpg,P014,0,0.43829038739204407,0.6078515648841858
P014 (18).jpg,P014,0,-0.10487325489521027,0.47380566596984863
P014 (19).jpg,P014,0,-0.26605600118637085,0.43387559056282043
P014 (2).jpg,P014,0,-0.6834779977798462,0.3354854881763458
P014 (20).jpg,P014,0,-0.032594483345746994,0.4918520748615265
P014 (21).jpg,P014,0,-0.5728824138641357,0.3605720102787018
P014 (22).jpg,P014,0,-0.3828921616077423,0.40542954206466675
P014 (23).jpg,P014,0,-0.39121466875076294,0.4034249186515808
P014 (24).jpg,P014,0,0.03514229133725166,0.5087846517562866
P014 (25).jpg,P014,0,0.37041646242141724,0.5915595889091492
P014 (26).jpg,P014,0,0.7152309417724609,0.6715559363365173
P014 (27).jpg,P014,0,0.3966224789619446,0.5978758931159973
P014 (28).jpg,P014,0,-0.5333001613616943,0.36974748969078064
P014 (29).jpg,P014,0,0.7449668645858765,0.6780810356140137
P014 (3).jpg,P014,0,-0.8703957200050354,0.29517194628715515
P014 (30).jpg,P014,0,0.2024928331375122,0.5504509210586548
P014 (31).jpg,P014,0,0.6302796602249146,0.6525529026985168
P014 (32).jpg,P014,0,-0.2606152892112732,0.43521246314048767
P014 (4).jpg,P014,0,-0.6580420136451721,0.34117957949638367
P014 (5).jpg,P014,0,-0.46845126152038574,0.3849828541278839
P014 (6).jpg,P014,0,-0.3395377993583679,0.41592177748680115
P014 (7).jpg,P014,0,-0.514279305934906,0.37419089674949646
P014 (8).jpg,P014,0,-0.5375911593437195,0.36874809861183167
P014 (9).jpg,P014,0,-0.25696325302124023,0.43611034750938416
P044 (1).jpg,P044,0,-1.046234369277954,0.25994884967803955
P044 (10).jpg,P044,0,-0.3548979163169861,0.41219520568847656
P044 (11).jpg,P044,0,-0.9634445905685425,0.27618905901908875
P044 (12).jpg,P044,0,-0.7225409746170044,0.32683366537094116
P044 (13).jpg,P044,0,0.24053531885147095,0.5598455667495728
P044 (14).jpg,P044,0,-1.3466800451278687,0.20641367137432098
P044 (15).jpg,P044,0,0.4386443495750427,0.6079359650611877
P044 (16).jpg,P044,0,-0.7366352081298828,0.3237403631210327
P044 (17).jpg,P044,0,0.589518666267395,0.6432546973228455
P044 (18).jpg,P044,0,1.423445701599121,0.8058779835700989
P044 (19).jpg,P044,0,0.8808580636978149,0.7070000171661377
P044 (2).jpg,P044,0,-0.7833818197250366,0.31359148025512695
P044 (20).jpg,P044,0,1.257890224456787,0.7786626815795898
P044 (21).jpg,P044,0,0.8671792149543762,0.7041584253311157
P044 (22).jpg,P044,0,0.7817248106002808,0.6860517263412476
P044 (23).jpg,P044,0,0.5130196213722229,0.6255140900611877
P044 (24).jpg,P044,0,1.589714765548706,0.8305759429931641
P044 (25).jpg,P044,0,1.7188873291015625,0.8479854464530945
P044 (26).jpg,P044,0,0.842177152633667,0.6989235877990723
P044 (27).jpg,P044,0,1.1587107181549072,0.7610983848571777
P044 (28).jpg,P044,0,1.3680987358093262,0.7970728278160095
P044 (29).jpg,P044,0,0.37048012018203735,0.591575026512146
P044 (3).jpg,P044,0,-0.5877431631088257,0.3571528494358063
P044 (30).jpg,P044,0,-0.11702267825603485,0.4707776606082916
P044 (4).jpg,P044,0,-0.3766811788082123,0.40692761540412903
P044 (5).jpg,P044,0,-0.4562520682811737,0.3878753185272217
P044 (6).jpg,P044,0,0.04392068460583687,0.5109784007072449
P044 (7).jpg,P044,0,-0.31391265988349915,0.42215999960899353
P044 (8).jpg,P044,0,0.19830778241157532,0.549415111541748
P044 (9).jpg,P044,0,0.2749156355857849,0.5682992935180664
P038 (1).jpg,P038,0,-1.1192834377288818,0.24614422023296356
P038 (10).jpg,P038,0,-1.6208707094192505,0.1650848239660263
P038 (11).jpg,P038,0,-1.7310354709625244,0.15045517683029175
P038 (12).jpg,P038,0,-1.584210991859436,0.1701999306678772
P038 (13).jpg,P038,0,-1.1959949731826782,0.23218843340873718
P038 (14).jpg,P038,0,-1.3842151165008545,0.2003328949213028
P038 (15).jpg,P038,0,-1.2412967681884766,0.22421035170555115
P038 (16).jpg,P038,0,-1.2349992990493774,0.2253076434135437
P038 (17).jpg,P038,0,-0.9814670085906982,0.27260079979896545
P038 (18).jpg,P038,0,-1.3226343393325806,0.21038034558296204
P038 (19).jpg,P038,0,-1.7266596555709839,0.15101534128189087
P038 (2).jpg,P038,0,-0.7255347967147827,0.326175332069397
P038 (20).jpg,P038,0,-0.48339080810546875,0.3814517557621002
P038 (21).jpg,P038,0,-0.7549417018890381,0.3197454810142517
P038 (22).jpg,P038,0,-0.9847815036773682,0.2719440460205078
P038 (23).jpg,P038,0,-0.8457537889480591,0.30032435059547424
P038 (24).jpg,P038,0,-1.5158764123916626,0.18006953597068787
P038 (25).jpg,P038,0,-1.195197582244873,0.23233063519001007
P038 (26).jpg,P038,0,-1.3909906148910522,0.19924965500831604
P038 (27).jpg,P038,0,-1.3842405080795288,0.20032882690429688
P038 (28).jpg,P038,0,-1.4311577081680298,0.19291836023330688
P038 (29).jpg,P038,0,-1.428873062133789,0.19327431917190552
P038 (3).jpg,P038,0,-1.0509297847747803,0.2590465843677521
P038 (30).jpg,P038,0,-1.4164714813232422,0.1952153444290161
P038 (31).jpg,P038,0,-1.7009848356246948,0.15433667600154877
P038 (32).jpg,P038,0,-1.5912749767303467,0.16920459270477295
P038 (33).jpg,P038,0,-1.84796142578125,0.13611242175102234
P038 (34).jpg,P038,0,-1.7482390403747559,0.1482694447040558
P038 (35).jpg,P038,0,-1.9081844091415405,0.12918496131896973
P038 (36).jpg,P038,0,-1.7027716636657715,0.154103621840477
P038 (37).jpg,P038,0,-1.4837654829025269,0.18485935032367706
P038 (38).jpg,P038,0,-1.6805071830749512,0.15702831745147705
P038 (39).jpg,P038,0,-1.7823295593261719,0.14401571452617645
P038 (4).jpg,P038,0,-0.8327242136001587,0.3030693531036377
P038 (40).jpg,P038,0,-1.741452693939209,0.1491285115480423
P038 (41).jpg,P038,0,-1.5330445766448975,0.17754867672920227
P038 (42).jpg,P038,0,-0.9659105539321899,0.27569636702537537
P038 (43).jpg,P038,0,-1.1185550689697266,0.24627941846847534
P038 (44).jpg,P038,0,-1.3141000270843506,0.21180157363414764
P038 (45).jpg,P038,0,-1.4046133756637573,0.19708506762981415
P038 (46).jpg,P038,0,-1.4140064716339111,0.1956028938293457
P038 (47).jpg,P038,0,-1.3857629299163818,0.20008504390716553
P038 (48).jpg,P038,0,-1.41520357131958,0.19541460275650024
P038 (49).jpg,P038,0,-1.4838448762893677,0.1848473697900772
P038 (5).jpg,P038,0,-1.4262478351593018,0.19368398189544678
P038 (50).jpg,P038,0,-1.5414420366287231,0.1763257533311844
P038 (51).jpg,P038,0,-1.454443097114563,0.1893187165260315
P038 (52).jpg,P038,0,-0.35245728492736816,0.41278669238090515
P038 (53).jpg,P038,0,-0.746561586856842,0.3215709626674652
P038 (54).jpg,P038,0,-0.2694917917251587,0.4330318570137024
P038 (6).jpg,P038,0,-1.227029800415039,0.22670170664787292
P038 (7).jpg,P038,0,-1.8820414543151855,0.13215455412864685
P038 (8).jpg,P038,0,-1.6190035343170166,0.16534234583377838
P038 (9).jpg,P038,0,-1.6487847566604614,0.16127325594425201
P047 (1).jpg,P047,0,-0.24632249772548676,0.43872883915901184
P047 (2).jpg,P047,0,-0.4379512369632721,0.39222922921180725
P047 (3).jpg,P047,0,-0.15355812013149261,0.4616857171058655
P047 (4).jpg,P047,0,-0.6713990569114685,0.3381836712360382
P047 (5).jpg,P047,0,-0.42419540882110596,0.39551323652267456
P047 (6).jpg,P047,0,-0.6475868225097656,0.34353354573249817
P047 (7).jpg,P047,0,-0.4889347553253174,0.38014456629753113
P047 (8).jpg,P047,0,-0.4919518232345581,0.37943390011787415
P047 (9).jpg,P047,0,-0.5967395305633545,0.3550899922847748
P096 (1).jpg,P096,0,-1.515761137008667,0.18008655309677124
P096 (10).jpg,P096,0,-1.2578126192092896,0.22135066986083984
P096 (11).jpg,P096,0,-1.2214046716690063,0.22768935561180115
P096 (12).jpg,P096,0,-1.026761531829834,0.26371243596076965
P096 (13).jpg,P096,0,-2.4719455242156982,0.07784844934940338
P096 (14).jpg,P096,0,-2.7891924381256104,0.05791099742054939
P096 (15).jpg,P096,0,-2.5030481815338135,0.07564476877450943
P096 (16).jpg,P096,0,-2.492032527923584,0.07641861587762833
P096 (17).jpg,P096,0,-2.5298941135406494,0.07378888875246048
P096 (18).jpg,P096,0,-2.5083014965057373,0.07527825981378555
P096 (19).jpg,P096,0,-2.4462645053863525,0.0797121450304985
P096 (2).jpg,P096,0,-1.5237891674041748,0.1789042055606842
P096 (20).jpg,P096,0,-1.963690161705017,0.12306824326515198
P096 (21).jpg,P096,0,-2.0127227306365967,0.11787357926368713
P096 (22).jpg,P096,0,-2.2538278102874756,0.09501979500055313
P096 (23).jpg,P096,0,-2.0588319301605225,0.11316299438476562
P096 (24).jpg,P096,0,-1.849761962890625,0.1359008401632309
P096 (25).jpg,P096,0,-1.678139567375183,0.15734197199344635
P096 (26).jpg,P096,0,-1.9607566595077515,0.12338518351316452
P096 (27).jpg,P096,0,-1.6589223146438599,0.15990671515464783
P096 (28).jpg,P096,0,-2.3195464611053467,0.0895170196890831
P096 (29).jpg,P096,0,-2.01525616645813,0.117610402405262
P096 (3).jpg,P096,0,-1.7324450016021729,0.1502750962972641
P096 (30).jpg,P096,0,-2.064014196395874,0.11264396458864212
P096 (31).jpg,P096,0,-2.3859050273895264,0.08425384759902954
P096 (32).jpg,P096,0,-1.9711744785308838,0.12226278334856033
P096 (33).jpg,P096,0,-2.4285125732421875,0.0810241550207138
P096 (34).jpg,P096,0,-1.9492459297180176,0.12463559955358505
P096 (35).jpg,P096,0,-1.8420333862304688,0.13681098818778992
P096 (36).jpg,P096,0,-1.90853750705719,0.12914523482322693
P096 (37).jpg,P096,0,-1.3311628103256226,0.20896710455417633
P096 (38).jpg,P096,0,-1.5586574077606201,0.17383937537670135
P096 (39).jpg,P096,0,-1.2374423742294312,0.22488147020339966
P096 (4).jpg,P096,0,-1.3375767469406128,0.20790883898735046
P096 (40).jpg,P096,0,-1.2570334672927856,0.22148500382900238
P096 (41).jpg,P096,0,-1.0905827283859253,0.25150856375694275
P096 (42).jpg,P096,0,-1.2573539018630981,0.2214297354221344
P096 (43).jpg,P096,0,-1.5861155986785889,0.169931098818779
P096 (44).jpg,P096,0,-1.121874451637268,0.24566376209259033
P096 (45).jpg,P096,0,-1.6672419309616089,0.15879225730895996
P096 (46).jpg,P096,0,-1.633368730545044,0.16336938738822937
P096 (47).jpg,P096,0,-1.90560781955719,0.12947510182857513
P096 (48).jpg,P096,0,-1.6113359928131104,0.16640320420265198
P096 (49).jpg,P096,0,-1.3957431316375732,0.19849248230457306
P096 (5).jpg,P096,0,-1.5896825790405273,0.16942855715751648
P096 (50).jpg,P096,0,-1.5331748723983765,0.17752964794635773
P096 (6).jpg,P096,0,-1.4809777736663818,0.18527978658676147
P096 (7).jpg,P096,0,-1.9620983600616455,0.12324012070894241
P096 (8).jpg,P096,0,-1.7148106098175049,0.15254080295562744
P096 (9).jpg,P096,0,-1.631384015083313,0.1636408567428589
P196 (1).jpg,P196,0,-0.8392321467399597,0.3016965389251709
P196 (2).jpg,P196,0,-1.217106819152832,0.22844599187374115
P043 (1).jpg,P043,0,-1.9485355615615845,0.12471313029527664
P043 (10).jpg,P043,0,-1.63987135887146,0.16248255968093872
P043 (11).jpg,P043,0,-1.1833723783493042,0.23444639146327972
P043 (12).jpg,P043,0,-1.451387882232666,0.1897880584001541
P043 (13).jpg,P043,0,-1.329427719116211,0.20925404131412506
P043 (14).jpg,P043,0,-1.164778709411621,0.23780004680156708
P043 (15).jpg,P043,0,-1.1571650505065918,0.23918281495571136
P043 (16).jpg,P043,0,-1.3721065521240234,0.2022797167301178
P043 (17).jpg,P043,0,-1.2430315017700195,0.22390875220298767
P043 (18).jpg,P043,0,-1.3489621877670288,0.20604009926319122
P043 (19).jpg,P043,0,-1.3378498554229736,0.20786388218402863
P043 (2).jpg,P043,0,-1.8456066846847534,0.13638955354690552
P043 (20).jpg,P043,0,-1.2988159656524658,0.21436437964439392
P043 (21).jpg,P043,0,-1.3866914510726929,0.19993646442890167
P043 (22).jpg,P043,0,-1.4823333024978638,0.18507523834705353
P043 (23).jpg,P043,0,-1.5581753253936768,0.17390863597393036
P043 (24).jpg,P043,0,-1.9587665796279907,0.12360059469938278
P043 (25).jpg,P043,0,-1.534719467163086,0.1773042231798172
P043 (26).jpg,P043,0,-1.662009835243225,0.1594923883676529
P043 (27).jpg,P043,0,-1.4542763233184814,0.18934430181980133
P043 (28).jpg,P043,0,-1.476704478263855,0.1859257072210312
P043 (29).jpg,P043,0,-1.1421512365341187,0.24192561209201813
P043 (3).jpg,P043,0,-1.86271071434021,0.13438741862773895
P043 (30).jpg,P043,0,-0.9075143337249756,0.2875087261199951
P043 (31).jpg,P043,0,-0.19649900496006012,0.45103272795677185
P043 (32).jpg,P043,0,-0.1735849529504776,0.45671236515045166
P043 (33).jpg,P043,0,-0.5488053560256958,0.36614158749580383
P043 (34).jpg,P043,0,-0.4834423065185547,0.38143959641456604
P043 (35).jpg,P043,0,-0.29323020577430725,0.42721325159072876
P043 (36).jpg,P043,0,-0.31751906871795654,0.42128050327301025
P043 (37).jpg,P043,0,-0.10561196506023407,0.47362151741981506
P043 (38).jpg,P043,0,-0.4106743633747101,0.3987504541873932
P043 (39).jpg,P043,0,-0.4797855615615845,0.38230276107788086
P043 (4).jpg,P043,0,-1.3606218099594116,0.20413926243782043
P043 (40).jpg,P043,0,-0.7589226365089417,0.31888023018836975
P043 (41).jpg,P043,0,-0.8409501910209656,0.3013346791267395
P043 (42).jpg,P043,0,-0.9177259206771851,0.2854214906692505
P043 (43).jpg,P043,0,-0.1729813516139984,0.4568621814250946
P043 (44).jpg,P043,0,-0.054123084992170334,0.48647254705429077
P043 (45).jpg,P043,0,-0.7303142547607422,0.3251257836818695
P043 (46).jpg,P043,0,-0.7244386672973633,0.3264163136482239
P043 (47).jpg,P043,0,-0.7513059377670288,0.3205367922782898
P043 (48).jpg,P043,0,-0.9511905908584595,0.27864545583724976
P043 (49).jpg,P043,0,-0.8466244339942932,0.30014142394065857
P043 (5).jpg,P043,0,-1.3518625497817993,0.20556603372097015
P043 (50).jpg,P043,0,-0.9730865955352783,0.27426570653915405
P043 (51).jpg,P043,0,-0.5889690518379211,0.35687142610549927
P043 (52).jpg,P043,0,-0.38034141063690186,0.4060445725917816
P043 (53).jpg,P043,0,-0.5028822422027588,0.376863569021225
P043 (54).jpg,P043,0,-0.22444523870944977,0.4441230595111847
P043 (55).jpg,P043,0,-0.16507424414157867,0.45882493257522583
P043 (56).jpg,P043,0,-0.3003803491592407,0.4254645109176636
P043 (57).jpg,P043,0,-0.4752568006515503,0.38337281346321106
P043 (58).jpg,P043,0,0.007954586297273636,0.5019886493682861
P043 (59).jpg,P043,0,-0.40209901332855225,0.4008081257343292
P043 (6).jpg,P043,0,-1.5683015584945679,0.17245864868164062
P043 (60).jpg,P043,0,-0.2589789628982544,0.4356147050857544
P043 (61).jpg,P043,0,-0.3504399061203003,0.41327571868896484
P043 (62).jpg,P043,0,-0.030778300017118454,0.49230602383613586
P043 (63).jpg,P043,0,-0.13339807093143463,0.46669986844062805
P043 (64).jpg,P043,0,-0.2937418818473816,0.4270879924297333
P043 (65).jpg,P043,0,-0.38974010944366455,0.40377986431121826
P043 (66).jpg,P043,0,-0.16830827295780182,0.45802196860313416
P043 (67).jpg,P043,0,-0.43280988931655884,0.3934555649757385
P043 (68).jpg,P043,0,-0.7765516042709351,0.3150635361671448
P043 (69).jpg,P043,0,-0.3544142246246338,0.41231241822242737
P043 (7).jpg,P043,0,-1.4315900802612305,0.19285105168819427
P043 (70).jpg,P043,0,-0.5995488166809082,0.3544469475746155
P043 (71).jpg,P043,0,-0.582003116607666,0.3584717810153961
P043 (8).jpg,P043,0,-1.5866775512695312,0.1698518544435501
P043 (9).jpg,P043,0,-1.743778109550476,0.14883367717266083
P070 (1).jpg,P070,0,-1.0735992193222046,0.25471922755241394
P070 (10).jpg,P070,0,-0.7438035011291504,0.32217296957969666
P070 (11).jpg,P070,0,-0.8591453433036804,0.29751792550086975
P070 (12).jpg,P070,0,-1.0572258234024048,0.25783994793891907
P070 (13).jpg,P070,0,-1.082641363143921,0.2530064880847931
P070 (14).jpg,P070,0,-1.0350830554962158,0.26209983229637146
P070 (15).jpg,P070,0,-1.0439393520355225,0.26039060950279236
P070 (16).jpg,P070,0,-1.1515942811965942,0.24019800126552582
P070 (17).jpg,P070,0,-1.0358299016952515,0.2619554102420807
P070 (18).jpg,P070,0,-0.8002071380615234,0.30998119711875916
P070 (19).jpg,P070,0,-0.8921278715133667,0.29067090153694153
P070 (2).jpg,P070,0,-1.0020709037780762,0.26853445172309875
P070 (20).jpg,P070,0,-1.218998908996582,0.22811266779899597
P070 (21).jpg,P070,0,-1.0438915491104126,0.26039981842041016
P070 (22).jpg,P070,0,-1.8889814615249634,0.13136065006256104
P070 (23).jpg,P070,0,-1.8274258375167847,0.1385452002286911
P070 (24).jpg,P070,0,-1.574553370475769,0.17156824469566345
P070 (25).jpg,P070,0,-1.9711525440216064,0.12226515263319016
P070 (26).jpg,P070,0,-1.9731194972991943,0.12205420434474945
P070 (27).jpg,P070,0,-1.6570155620574951,0.1601630300283432
P070 (28).jpg,P070,0,-1.38954758644104,0.19947998225688934
P070 (29).jpg,P070,0,-1.6062333583831787,0.16711223125457764
P070 (3).jpg,P070,0,-0.9872865676879883,0.27144837379455566
P070 (30).jpg,P070,0,-1.9639564752578735,0.12303950637578964
P070 (31).jpg,P070,0,-1.4088486433029175,0.1964157223701477
P070 (32).jpg,P070,0,-1.7815632820129395,0.14411020278930664
P070 (33).jpg,P070,0,-1.09699547290802,0.2503032684326172
P070 (34).jpg,P070,0,-1.088308334350586,0.25193697214126587
P070 (35).jpg,P070,0,-1.2412927150726318,0.22421105206012726
P070 (36).jpg,P070,0,-1.6833887100219727,0.15664726495742798
P070 (37).jpg,P070,0,-1.2150444984436035,0.2288096845149994
P070 (38).jpg,P070,0,-1.9225188493728638,0.1275809407234192
P070 (39).jpg,P070,0,-1.8105833530426025,0.1405676305294037
P070 (4).jpg,P070,0,-1.4054701328277588,0.19694949686527252
P070 (40).jpg,P070,0,-1.5266413688659668,0.17848560214042664
P070 (41).jpg,P070,0,-0.9814473390579224,0.27260470390319824
P070 (42).jpg,P070,0,-0.8832998275756836,0.29249441623687744
P070 (43).jpg,P070,0,-1.291229248046875,0.21564483642578125
P070 (44).jpg,P070,0,-1.6635359525680542,0.15928789973258972
P070 (45).jpg,P070,0,-1.251289963722229,0.22247691452503204
P070 (46).jpg,P070,0,-1.552988052368164,0.17465512454509735
P070 (47).jpg,P070,0,-1.8046845197677612,0.14128176867961884
P070 (48).jpg,P070,0,-0.5960063934326172,0.35525789856910706
P070 (49).jpg,P070,0,-1.319821834564209,0.21084794402122498
P070 (5).jpg,P070,0,-1.3214151859283447,0.2105829268693924
P070 (50).jpg,P070,0,-1.587351679801941,0.16975681483745575
P070 (51).jpg,P070,0,-1.597857117652893,0.16828133165836334
P070 (52).jpg,P070,0,-1.8017117977142334,0.14164282381534576
P070 (53).jpg,P070,0,-1.8691737651824951,0.13363733887672424
P070 (54).jpg,P070,0,-1.8479613065719604,0.13611243665218353
P070 (55).jpg,P070,0,-1.6364786624908447,0.16294477880001068
P070 (56).jpg,P070,0,-1.4314348697662354,0.1928752064704895
P070 (57).jpg,P070,0,-1.214349627494812,0.22893235087394714
P070 (58).jpg,P070,0,-1.3549915552139282,0.20505551993846893
P070 (59).jpg,P070,0,-1.487550973892212,0.1842895895242691
P070 (6).jpg,P070,0,-1.0087273120880127,0.26722899079322815
P070 (60).jpg,P070,0,-1.2736707925796509,0.21862950921058655
P070 (61).jpg,P070,0,-1.2852171659469604,0.21666346490383148
P070 (62).jpg,P070,0,-0.866442084312439,0.29599514603614807
P070 (63).jpg,P070,0,-0.7356415390968323,0.3239579498767853
P070 (64).jpg,P070,0,-1.4062237739562988,0.19683034718036652
P070 (65).jpg,P070,0,-1.6435818672180176,0.16197825968265533
P070 (66).jpg,P070,0,-1.5220569372177124,0.17915882170200348
P070 (67).jpg,P070,0,-1.7075399160385132,0.1534830629825592
P070 (68).jpg,P070,0,-2.1778626441955566,0.10175611078739166
P070 (69).jpg,P070,0,-1.6304001808166504,0.16377553343772888
P070 (7).jpg,P070,0,-0.7648038864135742,0.3176041841506958
P070 (70).jpg,P070,0,-1.7708169221878052,0.14544077217578888
P070 (71).jpg,P070,0,-1.429270625114441,0.1932123601436615
P070 (72).jpg,P070,0,-1.9365408420562744,0.126028373837471
P070 (73).jpg,P070,0,-1.9273884296417236,0.12703992426395416
P070 (74).jpg,P070,0,-2.0497846603393555,0.11407415568828583
P070 (8).jpg,P070,0,-1.4803470373153687,0.18537501990795135
P070 (9).jpg,P070,0,-1.07845938205719,0.2537976801395416
P072 (1).jpg,P072,0,-0.7975118160247803,0.310558021068573
P072 (10).jpg,P072,0,-1.0267642736434937,0.2637118995189667
P072 (11).jpg,P072,0,-1.1095552444458008,0.24795378744602203
P072 (12).jpg,P072,0,-1.0536201000213623,0.25853055715560913
P072 (13).jpg,P072,0,-1.0476547479629517,0.2596757113933563
P072 (14).jpg,P072,0,-0.9778573513031006,0.2733171284198761
P072 (15).jpg,P072,0,-0.44517266750335693,0.39050912857055664
P072 (16).jpg,P072,0,-0.5006477236747742,0.37738847732543945
P072 (17).jpg,P072,0,0.2324194461107254,0.5578447580337524
P072 (18).jpg,P072,0,-0.8259258270263672,0.30450722575187683
P072 (19).jpg,P072,0,-1.0099682807922363,0.26698607206344604
P072 (2).jpg,P072,0,-0.4187149405479431,0.39682427048683167
P072 (20).jpg,P072,0,-1.0149362087249756,0.2660149335861206
P072 (21).jpg,P072,0,-0.21667443215847015,0.4460422992706299
P072 (22).jpg,P072,0,0.3404276371002197,0.5842943787574768
P072 (23).jpg,P072,0,0.5977241396903992,0.6451354622840881
P072 (24).jpg,P072,0,-1.0254040956497192,0.2639760971069336
P072 (25).jpg,P072,0,-0.6347259879112244,0.3464397192001343
P072 (26).jpg,P072,0,-1.2007477283477783,0.23134222626686096
P072 (27).jpg,P072,0,-1.7951488494873047,0.14244261384010315
P072 (28).jpg,P072,0,-0.8197766542434692,0.3058110773563385
P072 (29).jpg,P072,0,0.34236031770706177,0.584763765335083
P072 (3).jpg,P072,0,-0.5326874256134033,0.36989033222198486
P072 (30).jpg,P072,0,-1.7176214456558228,0.15217779576778412
P072 (31).jpg,P072,0,-1.4911879301071167,0.18374349176883698
P072 (32).jpg,P072,0,-1.635210394859314,0.16311784088611603
P072 (33).jpg,P072,0,-2.326139450073242,0.08898110687732697
P072 (34).jpg,P072,0,-2.7681164741516113,0.0590716153383255
P072 (35).jpg,P072,0,-2.181206464767456,0.10145089775323868
P072 (36).jpg,P072,0,-2.213143825531006,0.0985763669013977
P072 (37).jpg,P072,0,-2.7165961265563965,0.06200112774968147
P072 (38).jpg,P072,0,-2.338182210922241,0.08800970762968063
P072 (39).jpg,P072,0,-2.188056468963623,0.10082816332578659
P072 (4).jpg,P072,0,-0.3273758292198181,0.41887927055358887
P072 (40).jpg,P072,0,-2.8825936317443848,0.05302076041698456
P072 (41).jpg,P072,0,-1.709948182106018,0.15317043662071228
P072 (42).jpg,P072,0,-1.5205966234207153,0.17937368154525757
P072 (43).jpg,P072,0,-1.6416943073272705,0.16223463416099548
P072 (44).jpg,P072,0,-1.8074110746383667,0.14095130562782288
P072 (45).jpg,P072,0,-1.5175793170928955,0.179818257689476
P072 (46).jpg,P072,0,-1.330735683441162,0.20903770625591278
P072 (47).jpg,P072,0,-1.4673960208892822,0.187338724732399
P072 (48).jpg,P072,0,-1.2252836227416992,0.22700798511505127
P072 (49).jpg,P072,0,-1.4175286293029785,0.19504930078983307
P072 (5).jpg,P072,0,-0.8204400539398193,0.30567026138305664
P072 (50).jpg,P072,0,-1.252295970916748,0.22230292856693268
P072 (6).jpg,P072,0,-1.139770746231079,0.24236243963241577
P072 (7).jpg,P072,0,-0.8344554901123047,0.3027038276195526
P072 (8).jpg,P072,0,-0.5004199743270874,0.37744197249412537
P072 (9).jpg,P072,0,-0.4186429977416992,0.39684155583381653
P078 (1).jpg,P078,0,-0.8215174078941345,0.30544164776802063
P078 (10).jpg,P078,0,-0.6446237564086914,0.34420207142829895
P078 (11).jpg,P078,0,-0.41898512840270996,0.39675962924957275
P078 (12).jpg,P078,0,-0.9131105542182922,0.28636375069618225
P078 (13).jpg,P078,0,-0.8553541302680969,0.29831090569496155
P078 (14).jpg,P078,0,-1.0983272790908813,0.25005343556404114
P078 (15).jpg,P078,0,-1.1613962650299072,0.23841367661952972
P078 (16).jpg,P078,0,-1.263193964958191,0.2204245775938034
P078 (17).jpg,P078,0,-0.7286505103111267,0.32549095153808594
P078 (18).jpg,P078,0,-1.018802285194397,0.2652607560157776
P078 (19).jpg,P078,0,-0.9578628540039062,0.27730628848075867
P078 (2).jpg,P078,0,-1.1017030477523804,0.2494209110736847
P078 (20).jpg,P078,0,-0.997066855430603,0.26951852440834045
P078 (21).jpg,P078,0,-0.23280669748783112,0.44205978512763977
P078 (22).jpg,P078,0,-0.9397643208503723,0.2809479534626007
P078 (23).jpg,P078,0,-1.3839133977890015,0.20038121938705444
P078 (24).jpg,P078,0,-1.6885082721710205,0.15597210824489594
P078 (3).jpg,P078,0,-1.2475544214248657,0.22312375903129578
P078 (4).jpg,P078,0,-1.4622712135314941,0.18812018632888794
P078 (5).jpg,P078,0,-1.4232008457183838,0.19416028261184692
P078 (6).jpg,P078,0,-1.2886661291122437,0.21607866883277893
P078 (7).jpg,P078,0,-1.318203091621399,0.21111740171909332
P078 (8).jpg,P078,0,-0.9315973520278931,0.2826007604598999
P078 (9).jpg,P078,0,-1.2679270505905151,0.21961231529712677
P080 (1).jpg,P080,0,1.0259759426116943,0.7361350059509277
P080 (10).jpg,P080,0,-1.4487898349761963,0.19018788635730743
P080 (11).jpg,P080,0,-1.0096447467803955,0.2670493721961975
P080 (12).jpg,P080,0,-1.1951075792312622,0.23234669864177704
P080 (13).jpg,P080,0,-1.4399380683898926,0.1915549337863922
P080 (14).jpg,P080,0,-1.7978515625,0.14211279153823853
P080 (15).jpg,P080,0,-2.1730096340179443,0.10220055282115936
P080 (16).jpg,P080,0,-1.7939300537109375,0.14259156584739685
P080 (17).jpg,P080,0,-1.7068921327590942,0.15356725454330444
P080 (18).jpg,P080,0,-1.2530910968780518,0.22216551005840302
P080 (19).jpg,P080,0,-0.7176787257194519,0.3279043436050415
P080 (2).jpg,P080,0,-0.6328507661819458,0.3468644320964813
P080 (20).jpg,P080,0,-1.2117130756378174,0.22939810156822205
P080 (21).jpg,P080,0,0.0034914501011371613,0.5008728504180908
P080 (22).jpg,P080,0,-0.22609390318393707,0.44371604919433594
P080 (23).jpg,P080,0,-0.3537493348121643,0.41247349977493286
P080 (24).jpg,P080,0,-0.43620407581329346,0.39264583587646484
P080 (25).jpg,P080,0,-1.4214153289794922,0.19443979859352112
P080 (26).jpg,P080,0,-0.284399151802063,0.4293755888938904
P080 (27).jpg,P080,0,-0.4831122159957886,0.3815174698829651
P080 (28).jpg,P080,0,-1.2121471166610718,0.22932137548923492
P080 (29).jpg,P080,0,-0.9536336660385132,0.2781546413898468
P080 (3).jpg,P080,0,-0.5103116035461426,0.37512049078941345
P080 (30).jpg,P080,0,-0.9820700883865356,0.272481232881546
P080 (31).jpg,P080,0,-0.6778218746185303,0.3367476165294647
P080 (32).jpg,P080,0,-1.831652045249939,0.13804158568382263
P080 (33).jpg,P080,0,-1.8294172286987305,0.13830770552158356
P080 (34).jpg,P080,0,-1.887701153755188,0.1315068006515503
P080 (35).jpg,P080,0,-1.0533459186553955,0.25858309864997864
P080 (36).jpg,P080,0,-2.1095168590545654,0.10817527025938034
P080 (37).jpg,P080,0,-1.786882996559143,0.14345529675483704
P080 (38).jpg,P080,0,-1.7807109355926514,0.14421537518501282
P080 (39).jpg,P080,0,-1.5012292861938477,0.1822422593832016
P080 (4).jpg,P080,0,0.337532639503479,0.5835910439491272
P080 (40).jpg,P080,0,-1.5711880922317505,0.17204709351062775
P080 (41).jpg,P080,0,-1.076198935508728,0.2542259991168976
P080 (42).jpg,P080,0,-1.4284906387329102,0.1933339685201645
P080 (43).jpg,P080,0,-0.9849364757537842,0.2719133794307709
P080 (44).jpg,P080,0,-0.9387539625167847,0.2811520993709564
P080 (45).jpg,P080,0,0.23846904933452606,0.5593363046646118
P080 (46).jpg,P080,0,-0.7500338554382324,0.3208138942718506
P080 (47).jpg,P080,0,-0.7581716179847717,0.31904336810112
P080 (48).jpg,P080,0,-1.3014845848083496,0.21391527354717255
P080 (49).jpg,P080,0,0.10316471755504608,0.5257683396339417
P080 (5).jpg,P080,0,-0.05150802060961723,0.48712584376335144
P080 (50).jpg,P080,0,-0.419888436794281,0.39654341340065
P080 (51).jpg,P080,0,-0.4074068069458008,0.39953407645225525
P080 (52).jpg,P080,0,-0.23874808847904205,0.4405949115753174
P080 (53).jpg,P080,0,-0.08018215000629425,0.4799651801586151
P080 (54).jpg,P080,0,0.029256213456392288,0.5073135495185852
P080 (55).jpg,P080,0,-0.6435065269470215,0.3444543480873108
P080 (56).jpg,P080,0,-0.6598504781723022,0.34077319502830505
P080 (57).jpg,P080,0,-0.2685317397117615,0.43326759338378906
P080 (58).jpg,P080,0,-0.13508470356464386,0.466280072927475
P080 (59).jpg,P080,0,-0.44500094652175903,0.39055001735687256
P080 (6).jpg,P080,0,0.022665251046419144,0.5056660771369934
P080 (60).jpg,P080,0,-0.5602633953094482,0.36348652839660645
P080 (61).jpg,P080,0,-0.3057408034801483,0.42415472865104675
P080 (62).jpg,P080,0,-0.6413056254386902,0.34495145082473755
P080 (63).jpg,P080,0,-0.9562111496925354,0.27763742208480835
P080 (64).jpg,P080,0,-0.5034592151641846,0.3767280876636505
P080 (65).jpg,P080,0,-1.2419804334640503,0.22409145534038544
P080 (66).jpg,P080,0,-0.15108616650104523,0.4623001515865326
P080 (67).jpg,P080,0,-1.7216163873672485,0.15166307985782623
P080 (68).jpg,P080,0,-1.030236005783081,0.2630383372306824
P080 (69).jpg,P080,0,-0.35135841369628906,0.413053035736084
P080 (7).jpg,P080,0,-0.27423202991485596,0.43186846375465393
P080 (70).jpg,P080,0,-1.2584185600280762,0.22124624252319336
P080 (71).jpg,P080,0,-1.987900733947754,0.12047914415597916
P080 (72).jpg,P080,0,-1.5308245420455933,0.17787307500839233
P080 (73).jpg,P080,0,-1.4416488409042358,0.19129014015197754
P080 (74).jpg,P080,0,-1.616590976715088,0.165675550699234
P080 (75).jpg,P080,0,-1.6111475229263306,0.16642935574054718
P080 (76).jpg,P080,0,-1.2866089344024658,0.21642734110355377
P080 (77).jpg,P080,0,0.3555224537849426,0.5879561305046082
P080 (78).jpg,P080,0,-0.5082994699478149,0.37559226155281067
P080 (79).jpg,P080,0,-0.35175418853759766,0.4129571318626404
P080 (8).jpg,P080,0,-0.896953284740448,0.2896769940853119
P080 (80).jpg,P080,0,-0.32047605514526367,0.42055973410606384
P080 (81).jpg,P080,0,-1.2016618251800537,0.23117972910404205
P080 (82).jpg,P080,0,-1.2619656324386597,0.22063569724559784
P080 (83).jpg,P080,0,-1.449567198753357,0.19006817042827606
P080 (84).jpg,P080,0,-0.9855225086212158,0.27179738879203796
P080 (85).jpg,P080,0,-1.2494536638259888,0.22279472649097443
P080 (86).jpg,P080,0,-1.4346519708633423,0.19237489998340607
P080 (87).jpg,P080,0,-1.4423706531524658,0.19117851555347443
P080 (88).jpg,P080,0,-1.6922610998153687,0.15547871589660645
P080 (9).jpg,P080,0,-1.1840715408325195,0.23432090878486633
P143 (1).jpg,P143,0,-1.4144777059555054,0.1955287605524063
P143 (10).jpg,P143,0,-1.65253484249115,0.16076666116714478
P143 (11).jpg,P143,0,-1.839385986328125,0.1371239274740219
P143 (12).jpg,P143,0,-1.6975276470184326,0.15478844940662384
P143 (13).jpg,P143,0,-1.649573564529419,0.16116659343242645
P143 (14).jpg,P143,0,-0.47740864753723145,0.38286423683166504
P143 (15).jpg,P143,0,-1.536496877670288,0.17704510688781738
P143 (16).jpg,P143,0,-1.1228570938110352,0.2454817146062851
P143 (17).jpg,P143,0,-1.2489564418792725,0.22288084030151367
P143 (18).jpg,P143,0,-1.2637478113174438,0.2203294187784195
P143 (19).jpg,P143,0,-1.2663257122039795,0.2198868840932846
P143 (2).jpg,P143,0,-1.253551721572876,0.22208592295646667
P143 (20).jpg,P143,0,-1.6826971769332886,0.15673863887786865
P143 (21).jpg,P143,0,-1.2740976810455322,0.21855659782886505
P143 (22).jpg,P143,0,-0.6230310797691345,0.34909239411354065
P143 (23).jpg,P143,0,-1.0984293222427368,0.2500343322753906
P143 (24).jpg,P143,0,-1.4810864925384521,0.18526336550712585
P143 (25).jpg,P143,0,-1.2211644649505615,0.2277315855026245
P143 (26).jpg,P143,0,-1.2772414684295654,0.21802015602588654
P143 (27).jpg,P143,0,-1.527411937713623,0.17837266623973846
P143 (28).jpg,P143,0,-1.8625515699386597,0.1344059258699417
P143 (29).jpg,P143,0,-1.6347941160202026,0.16317467391490936
P143 (3).jpg,P143,0,-1.4266798496246338,0.19361652433872223
P143 (30).jpg,P143,0,-1.409245491027832,0.19635307788848877
P143 (31).jpg,P143,0,-1.0685864686965942,0.25567200779914856
P143 (32).jpg,P143,0,-1.1282973289489746,0.24447545409202576
P143 (33).jpg,P143,0,-0.8072463274002075,0.30847758054733276
P143 (34).jpg,P143,0,-0.9209033250808716,0.2847738564014435
P143 (35).jpg,P143,0,-1.9145411252975464,0.12847153842449188
P143 (36).jpg,P143,0,-1.4290084838867188,0.19325323402881622
P143 (37).jpg,P143,0,-1.6963047981262207,0.15494850277900696
P143 (38).jpg,P143,0,-1.4777214527130127,0.18577183783054352
P143 (39).jpg,P143,0,-1.499866247177124,0.1824454814195633
P143 (4).jpg,P143,0,-1.4835760593414307,0.18488790094852448
P143 (40).jpg,P143,0,-1.563368320465088,0.17316384613513947
P143 (41).jpg,P143,0,-1.9353114366531372,0.12616385519504547
P143 (42).jpg,P143,0,-1.5281468629837036,0.17826497554779053
P143 (43).jpg,P143,0,-1.808241367340088,0.14085081219673157
P143 (44).jpg,P143,0,-1.416123867034912,0.19526997208595276
P143 (45).jpg,P143,0,-0.9341987371444702,0.28207364678382874
P143 (46).jpg,P143,0,-2.828960657119751,0.0557791106402874
P143 (47).jpg,P143,0,-2.499419927597046,0.07589884847402573
P143 (48).jpg,P143,0,-2.0336356163024902,0.1157163754105568
P143 (49).jpg,P143,0,-0.26583296060562134,0.433930367231369
P143 (5).jpg,P143,0,-1.414762020111084,0.19548404216766357
P143 (50).jpg,P143,0,-0.1737644225358963,0.45666787028312683
P143 (51).jpg,P143,0,-0.7246765494346619,0.32636401057243347
P143 (52).jpg,P143,0,-0.49319642782211304,0.37914085388183594
P143 (53).jpg,P143,0,-1.3599152565002441,0.20425407588481903
P143 (54).jpg,P143,0,-0.33586108684539795,0.41681522130966187
P143 (55).jpg,P143,0,-0.9535418748855591,0.2781730890274048
P143 (56).jpg,P143,0,-1.1970126628875732,0.23200708627700806
P143 (57).jpg,P143,0,-0.9341158866882324,0.282090425491333
P143 (6).jpg,P143,0,-1.0048612356185913,0.2679867148399353
P143 (7).jpg,P143,0,-1.0915971994400024,0.2513176202774048
P143 (8).jpg,P143,0,-1.12606680393219,0.24488767981529236
P143 (9).jpg,P143,0,-1.1730438470840454,0.23630523681640625
P168 (1).jpg,P168,0,0.7089874148368835,0.6701773405075073
P168 (10).jpg,P168,0,0.7816342115402222,0.6860321760177612
P168 (11).jpg,P168,0,0.5039002895355225,0.6233754754066467
P168 (12).jpg,P168,0,0.3503384590148926,0.5866996645927429
P168 (13).jpg,P168,0,0.022243548184633255,0.5055606365203857
P168 (14).jpg,P168,0,-0.3384329676628113,0.4161902070045471
P168 (15).jpg,P168,0,-0.19407609105110168,0.45163270831108093
P168 (16).jpg,P168,0,2.0154383182525635,0.8824084401130676
P168 (17).jpg,P168,0,1.7604162693023682,0.8532618284225464
P168 (18).jpg,P168,0,1.168508529663086,0.7628753781318665
P168 (19).jpg,P168,0,1.0770444869995117,0.745934247970581
P168 (2).jpg,P168,0,0.7381157875061035,0.6765837073326111
P168 (20).jpg,P168,0,1.523181438446045,0.8210064768791199
P168 (21).jpg,P168,0,0.601277768611908,0.645948588848114
P168 (22).jpg,P168,0,0.11999724805355072,0.5299633741378784
P168 (23).jpg,P168,0,0.12622283399105072,0.5315138697624207
P168 (24).jpg,P168,0,0.12062667310237885,0.5301201939582825
P168 (25).jpg,P168,0,-0.1685478836297989,0.4579624831676483
P168 (26).jpg,P168,0,-0.3433973789215088,0.41498446464538574
P168 (27).jpg,P168,0,-0.37509357929229736,0.4073107838630676
P168 (28).jpg,P168,0,-0.3625462055206299,0.41034334897994995
P168 (29).jpg,P168,0,-0.3894346356391907,0.4038534164428711
P168 (3).jpg,P168,0,0.7634766101837158,0.6821080446243286
P168 (30).jpg,P168,0,-0.15315385162830353,0.4617861807346344
P168 (31).jpg,P168,0,-0.9917140007019043,0.2705736458301544
P168 (32).jpg,P168,0,-0.8994239568710327,0.2891688942909241
P168 (33).jpg,P168,0,-0.6375228762626648,0.34580668807029724
P168 (34).jpg,P168,0,-1.017994999885559,0.265418142080307
P168 (35).jpg,P168,0,-0.698418378829956,0.3321629762649536
P168 (36).jpg,P168,0,0.041013408452272415,0.5102519392967224
P168 (37).jpg,P168,0,-1.3996083736419678,0.19787828624248505
P168 (38).jpg,P168,0,-1.1016271114349365,0.249435156583786
P168 (39).jpg,P168,0,-1.5784547328948975,0.1710144430398941
P168 (4).jpg,P168,0,1.984924554824829,0.8792051672935486
P168 (40).jpg,P168,0,-1.383527159690857,0.2004431188106537
P168 (41).jpg,P168,0,-1.3820911645889282,0.20067335665225983
P168 (42).jpg,P168,0,-1.6527334451675415,0.16073985397815704
P168 (43).jpg,P168,0,-1.963260293006897,0.12311463803052902
P168 (44).jpg,P168,0,-1.8343727588653564,0.13771817088127136
P168 (45).jpg,P168,0,-1.7569913864135742,0.14716753363609314
P168 (46).jpg,P168,0,-1.9816412925720215,0.12114398181438446
P168 (47).jpg,P168,0,-2.2344682216644287,0.09669765084981918
P168 (48).jpg,P168,0,-2.0805766582489014,0.11099904030561447
P168 (49).jpg,P168,0,-1.8724682331085205,0.13325637578964233
P168 (5).jpg,P168,0,1.8899943828582764,0.8687549233436584
P168 (50).jpg,P168,0,-0.4716700315475464,0.38422104716300964
P168 (51).jpg,P168,0,-0.12793494760990143,0.46805986762046814
P168 (52).jpg,P168,0,-0.32425498962402344,0.41963914036750793
P168 (53).jpg,P168,0,-0.7295743227005005,0.32528814673423767
P168 (54).jpg,P168,0,-0.012992393225431442,0.49675193428993225
P168 (55).jpg,P168,0,1.6198558807373047,0.8347752690315247
P168 (56).jpg,P168,0,0.9812120199203491,0.7273486256599426
P168 (57).jpg,P168,0,-0.35656431317329407,0.41179150342941284
P168 (58).jpg,P168,0,-0.6957263350486755,0.33276042342185974
P168 (59).jpg,P168,0,-0.691886305809021,0.3336135745048523
P168 (6).jpg,P168,0,1.3045506477355957,0.7865998148918152
P168 (60).jpg,P168,0,-0.6620921492576599,0.3402698338031769
P168 (61).jpg,P168,0,-0.3040314018726349,0.42457231879234314
P168 (62).jpg,P168,0,0.34608179330825806,0.585667073726654
P168 (63).jpg,P168,0,-0.7378568649291992,0.3234729468822479
P168 (64).jpg,P168,0,-0.45052647590637207,0.38923561573028564
P168 (65).jpg,P168,0,0.5372998118400574,0.6311841011047363
P168 (66).jpg,P168,0,0.9300491809844971,0.7170852422714233
P168 (67).jpg,P168,0,-0.0020780079066753387,0.4994804859161377
P168 (68).jpg,P168,0,0.38958728313446045,0.5961833596229553
P168 (69).jpg,P168,0,1.0535775423049927,0.7414612770080566
P168 (7).jpg,P168,0,1.5861647129058838,0.8300758004188538
P168 (70).jpg,P168,0,0.9412903785705566,0.7193602323532104
P168 (71).jpg,P168,0,0.2877158522605896,0.5714368224143982
P168 (72).jpg,P168,0,0.4566267728805542,0.612213671207428
P168 (73).jpg,P168,0,0.17928238213062286,0.5447009205818176
P168 (74).jpg,P168,0,-0.004226546734571457,0.49894335865974426
P168 (75).jpg,P168,0,0.9599339365959167,0.7231085896492004
P168 (76).jpg,P168,0,1.08601713180542,0.7476309537887573
P168 (77).jpg,P168,0,1.2910135984420776,0.784318745136261
P168 (78).jpg,P168,0,-0.020460333675146103,0.49488508701324463
P168 (79).jpg,P168,0,0.9833650588989258,0.7277753949165344
P168 (8).jpg,P168,0,1.9892340898513794,0.8796620965003967
P168 (9).jpg,P168,0,1.2027027606964111,0.769005298614502
P184 (1).jpg,P184,0,-1.008439540863037,0.2672853469848633
P184 (10).jpg,P184,0,-1.443589687347412,0.19099007546901703
P184 (11).jpg,P184,0,-1.360020637512207,0.2042369544506073
P184 (12).jpg,P184,0,-1.2731388807296753,0.21872040629386902
P184 (13).jpg,P184,0,-1.1654926538467407,0.2376706898212433
P184 (14).jpg,P184,0,-1.2120047807693481,0.22934652864933014
P184 (15).jpg,P184,0,-1.2188644409179688,0.228136345744133
P184 (16).jpg,P184,0,-1.5836758613586426,0.1702755242586136
P184 (17).jpg,P184,0,-0.9101582169532776,0.2869674861431122
P184 (18).jpg,P184,0,-1.519160270690918,0.17958520352840424
P184 (19).jpg,P184,0,-1.2403067350387573,0.22438259422779083
P184 (2).jpg,P184,0,-1.213004469871521,0.22916989028453827
P184 (20).jpg,P184,0,-1.1722617149353027,0.23644641041755676
P184 (21).jpg,P184,0,-1.2035021781921387,0.23085279762744904
P184 (22).jpg,P184,0,-1.4957940578460693,0.18305367231369019
P184 (23).jpg,P184,0,-0.6641345024108887,0.3398114740848541
P184 (24).jpg,P184,0,-0.5113743543624878,0.3748713731765747
P184 (25).jpg,P184,0,-0.4581252634525299,0.3874306380748749
P184 (26).jpg,P184,0,-0.9211104512214661,0.2847316861152649
P184 (27).jpg,P184,0,-0.26418107748031616,0.43433621525764465
P184 (28).jpg,P184,0,-1.3126018047332764,0.21205179393291473
P184 (29).jpg,P184,0,-2.4672858715057373,0.078183613717556
P184 (3).jpg,P184,0,-1.7514874935150146,0.14785967767238617
P184 (30).jpg,P184,0,-2.322157144546509,0.08930446952581406
P184 (31).jpg,P184,0,-2.0205259323120117,0.11706461757421494
P184 (32).jpg,P184,0,-1.916663646697998,0.12823407351970673
P184 (33).jpg,P184,0,-2.0086605548858643,0.11829661577939987
P184 (34).jpg,P184,0,-1.810290813446045,0.1406029909849167
P184 (35).jpg,P184,0,-1.8179881572723389,0.13967545330524445
P184 (36).jpg,P184,0,-2.099248170852661,0.10916992276906967
P184 (37).jpg,P184,0,-2.0733494758605957,0.11171422898769379
P184 (38).jpg,P184,0,-1.730400800704956,0.15053631365299225
P184 (39).jpg,P184,0,-1.7994287014007568,0.14192061126232147
P184 (4).jpg,P184,0,-1.83107328414917,0.1381104588508606
P184 (40).jpg,P184,0,-2.0665905475616455,0.11238669604063034
P184 (41).jpg,P184,0,-1.9711358547210693,0.12226693332195282
P184 (42).jpg,P184,0,-1.5613775253295898,0.1734490692615509
P184 (43).jpg,P184,0,-1.820756435394287,0.13934312760829926
P184 (44).jpg,P184,0,-1.5395379066467285,0.17660246789455414
P184 (45).jpg,P184,0,-1.2109158039093018,0.22953903675079346
P184 (46).jpg,P184,0,-1.643091082572937,0.16204488277435303
P184 (47).jpg,P184,0,-2.0111491680145264,0.11803729087114334
P184 (48).jpg,P184,0,-1.9974591732025146,0.11946994811296463
P184 (49).jpg,P184,0,-0.6730210781097412,0.33782070875167847
P184 (5).jpg,P184,0,-1.9111195802688599,0.1288551241159439
P184 (50).jpg,P184,0,-0.6665704250335693,0.33926522731781006
P184 (51).jpg,P184,0,-0.8458681106567383,0.30030032992362976
P184 (52).jpg,P184,0,-1.6524746417999268,0.16077478229999542
P184 (53).jpg,P184,0,-1.563801884651184,0.1731017678976059
P184 (54).jpg,P184,0,-1.365950107574463,0.20327496528625488
P184 (55).jpg,P184,0,-1.378143548965454,0.20130731165409088
P184 (56).jpg,P184,0,-1.6164567470550537,0.16569410264492035
P184 (57).jpg,P184,0,-1.7539645433425903,0.14754784107208252
P184 (58).jpg,P184,0,-1.8430347442626953,0.13669277727603912
P184 (59).jpg,P184,0,-0.0443655364215374,0.488910436630249
P184 (6).jpg,P184,0,-1.866215705871582,0.13398019969463348
P184 (60).jpg,P184,0,-0.5539951324462891,0.36493799090385437
P184 (61).jpg,P184,0,-0.4811825752258301,0.38197290897369385
P184 (62).jpg,P184,0,-0.6345125436782837,0.34648802876472473
P184 (63).jpg,P184,0,-0.5719285011291504,0.360791951417923
P184 (64).jpg,P184,0,-0.5287171006202698,0.370816171169281
P184 (65).jpg,P184,0,-0.34054484963417053,0.41567713022232056
P184 (66).jpg,P184,0,-0.2741404175758362,0.4318908751010895
P184 (67).jpg,P184,0,-0.15805025398731232,0.46056947112083435
P184 (68).jpg,P184,0,-0.5338904857635498,0.3696099519729614
P184 (69).jpg,P184,0,-0.7044528722763062,0.33082571625709534
P184 (7).jpg,P184,0,-1.9741308689117432,0.12194587290287018
P184 (70).jpg,P184,0,-0.6801501512527466,0.33622780442237854
P184 (71).jpg,P184,0,-0.8220858573913574,0.30532106757164
P184 (72).jpg,P184,0,-0.8214335441589355,0.3054594397544861
P184 (73).jpg,P184,0,-0.6173772811889648,0.3503781855106354
P184 (74).jpg,P184,0,-1.1555429697036743,0.23947811126708984
P184 (75).jpg,P184,0,-1.099662184715271,0.24980318546295166
P184 (76).jpg,P184,0,-0.7151824235916138,0.3284547030925751
P184 (77).jpg,P184,0,-0.638921856880188,0.34549030661582947
P184 (78).jpg,P184,0,-0.5414689183235168,0.36784592270851135
P184 (79).jpg,P184,0,-1.1135600805282593,0.24720777571201324
P184 (8).jpg,P184,0,-1.6514010429382324,0.1609196811914444
P184 (80).jpg,P184,0,-0.9064673185348511,0.28772327303886414
P184 (81).jpg,P184,0,-1.2333544492721558,0.22559486329555511
P184 (82).jpg,P184,0,-1.0593879222869873,0.2574264407157898
P184 (83).jpg,P184,0,-1.0041449069976807,0.2681272625923157
P184 (84).jpg,P184,0,-1.269950032234192,0.21926580369472504
P184 (85).jpg,P184,0,-0.757154107093811,0.3192644715309143
P184 (86).jpg,P184,0,-0.8417613506317139,0.3011639416217804
P184 (87).jpg,P184,0,-0.7147765159606934,0.3285442590713501
P184 (9).jpg,P184,0,-1.1970294713974,0.2320040911436081
P191 (1).jpg,P191,0,-0.7972433567047119,0.3106154799461365
P191 (10).jpg,P191,0,-1.100633144378662,0.24962131679058075
P191 (11).jpg,P191,0,-1.1499098539352417,0.24050553143024445
P191 (12).jpg,P191,0,-1.0647917985916138,0.25639480352401733
P191 (13).jpg,P191,0,-0.7332295179367065,0.3244864344596863
P191 (14).jpg,P191,0,-1.4559197425842285,0.18909218907356262
P191 (15).jpg,P191,0,-1.471409797668457,0.18672843277454376
P191 (16).jpg,P191,0,-1.7480854988098145,0.1482888162136078
P191 (17).jpg,P191,0,-0.5311845541000366,0.3702406585216522
P191 (18).jpg,P191,0,-0.9846357107162476,0.2719729244709015
P191 (19).jpg,P191,0,-0.5028821229934692,0.376863569021225
P191 (2).jpg,P191,0,-0.678612232208252,0.3365710973739624
P191 (20).jpg,P191,0,-1.3825316429138184,0.200602725148201
P191 (21).jpg,P191,0,-1.299855351448059,0.21418936550617218
P191 (22).jpg,P191,0,-2.7503652572631836,0.06006602570414543
P191 (23).jpg,P191,0,-2.551035165786743,0.07235696911811829
P191 (24).jpg,P191,0,-2.443075656890869,0.07994638383388519
P191 (25).jpg,P191,0,-2.1487739086151123,0.10444585233926773
P191 (26).jpg,P191,0,-1.458927869796753,0.18863137066364288
P191 (27).jpg,P191,0,-1.218553066253662,0.22819119691848755
P191 (28).jpg,P191,0,-1.3909952640533447,0.19924890995025635
P191 (29).jpg,P191,0,-1.0432754755020142,0.26051849126815796
P191 (3).jpg,P191,0,-1.1813876628875732,0.23480279743671417
P191 (30).jpg,P191,0,-1.0532915592193604,0.25859352946281433
P191 (31).jpg,P191,0,-1.2467014789581299,0.22327165305614471
P191 (32).jpg,P191,0,-2.033433198928833,0.11573709547519684
P191 (33).jpg,P191,0,-1.2578994035720825,0.22133572399616241
P191 (34).jpg,P191,0,-1.2364252805709839,0.22505885362625122
P191 (35).jpg,P191,0,-1.8091799020767212,0.14073726534843445
P191 (36).jpg,P191,0,-1.3881561756134033,0.19970226287841797
P191 (37).jpg,P191,0,-2.1864311695098877,0.10097560286521912
P191 (38).jpg,P191,0,-1.3470020294189453,0.20636092126369476
P191 (39).jpg,P191,0,-1.7808698415756226,0.14419575035572052
P191 (4).jpg,P191,0,-0.8449677228927612,0.30048954486846924
P191 (40).jpg,P191,0,-2.227097749710083,0.09734335541725159
P191 (41).jpg,P191,0,-1.9355998039245605,0.1261320561170578
P191 (42).jpg,P191,0,-1.944057822227478,0.1252027302980423
P191 (43).jpg,P191,0,-2.24723219871521,0.09558848291635513
P191 (44).jpg,P191,0,-1.8474555015563965,0.13617192208766937
P191 (45).jpg,P191,0,-1.6352500915527344,0.16311243176460266
P191 (46).jpg,P191,0,-2.1184709072113037,0.10731446743011475
P191 (47).jpg,P191,0,-1.4940540790557861,0.1833140105009079
P191 (48).jpg,P191,0,-0.9087091684341431,0.28726404905319214
P191 (49).jpg,P191,0,-1.7811766862869263,0.14415790140628815
P191 (5).jpg,P191,0,-0.7089152932167053,0.3298385739326477
P191 (50).jpg,P191,0,-1.7714866399765015,0.14535753428936005
P191 (51).jpg,P191,0,-2.096170425415039,0.10946960002183914
P191 (52).jpg,P191,0,-0.9952437877655029,0.2698775827884674
P191 (53).jpg,P191,0,-0.9634170532226562,0.2761945426464081
P191 (54).jpg,P191,0,-1.1894036531448364,0.23336561024188995
P191 (55).jpg,P191,0,-0.5007270574569702,0.37736982107162476
P191 (56).jpg,P191,0,-0.57603919506073,0.35984447598457336
P191 (57).jpg,P191,0,-1.0566658973693848,0.2579471170902252
P191 (58).jpg,P191,0,-1.5713489055633545,0.1720241904258728
P191 (59).jpg,P191,0,-1.059952974319458,0.2573184370994568
P191 (6).jpg,P191,0,-0.8609125018119812,0.297148734331131
P191 (60).jpg,P191,0,-1.5379904508590698,0.1768275946378708
P191 (61).jpg,P191,0,-1.7365460395812988,0.1497521847486496
P191 (62).jpg,P191,0,-1.755165934562683,0.14739678800106049
P191 (63).jpg,P191,0,-1.2470877170562744,0.22320468723773956
P191 (64).jpg,P191,0,-1.0769319534301758,0.25408703088760376
P191 (65).jpg,P191,0,-1.3926736116409302,0.19898127019405365
P191 (66).jpg,P191,0,-1.5050532817840576,0.1816730499267578
P191 (67).jpg,P191,0,-1.4278188943862915,0.19343873858451843
P191 (68).jpg,P191,0,-1.0609039068222046,0.2571367621421814
P191 (69).jpg,P191,0,-1.264488935470581,0.22020210325717926
P191 (7).jpg,P191,0,-0.6551125049591064,0.34183835983276367
P191 (70).jpg,P191,0,-0.6717033386230469,0.33811554312705994
P191 (71).jpg,P191,0,-1.3390250205993652,0.2076704353094101
P191 (72).jpg,P191,0,-1.4025530815124512,0.19741128385066986
P191 (73).jpg,P191,0,-1.02656888961792,0.2637498378753662
P191 (74).jpg,P191,0,-1.6823440790176392,0.15678532421588898
P191 (75).jpg,P191,0,-0.9002169370651245,0.28900593519210815
P191 (8).jpg,P191,0,-1.1791268587112427,0.23520924150943756
P191 (9).jpg,P191,0,-1.1066666841506958,0.24849285185337067
P013 (1).jpg,P013,1,0.8652902245521545,0.7037647366523743
P013 (10).jpg,P013,1,0.04508035257458687,0.5112681984901428
P013 (11).jpg,P013,1,0.16907371580600739,0.5421680212020874
P013 (12).jpg,P013,1,0.10555510222911835,0.5263643264770508
P013 (13).jpg,P013,1,-0.06683024764060974,0.483298659324646
P013 (14).jpg,P013,1,-0.36329492926597595,0.41016218066215515
P013 (15).jpg,P013,1,-0.22287453711032867,0.4445108473300934
P013 (16).jpg,P013,1,-0.13120444118976593,0.467245876789093
P013 (17).jpg,P013,1,-0.2625914216041565,0.4347267746925354
P013 (18).jpg,P013,1,-0.3253019452095032,0.4193841814994812
P013 (19).jpg,P013,1,-0.177360400557518,0.45577579736709595
P013 (2).jpg,P013,1,-0.5465671420097351,0.3666612505912781
P013 (20).jpg,P013,1,-0.2854648232460022,0.4291144907474518
P013 (21).jpg,P013,1,0.14402101933956146,0.5359431505203247
P013 (22).jpg,P013,1,0.23780931532382965,0.5591737031936646
P013 (23).jpg,P013,1,-0.15536381304264069,0.46123701333999634
P013 (24).jpg,P013,1,0.05661116912961006,0.514149010181427
P013 (25).jpg,P013,1,-0.09044776856899261,0.477403461933136
P013 (26).jpg,P013,1,-0.260461688041687,0.4352502226829529
P013 (27).jpg,P013,1,-0.11040402948856354,0.47242698073387146
P013 (28).jpg,P013,1,-0.23923583328723907,0.4404746890068054
P013 (29).jpg,P013,1,-0.1536797136068344,0.46165552735328674
P013 (3).jpg,P013,1,-0.08460672199726105,0.4788609743118286
P013 (30).jpg,P013,1,-0.6657060384750366,0.33945900201797485
P013 (31).jpg,P013,1,-0.49751102924346924,0.37812575697898865
P013 (32).jpg,P013,1,-0.3326414227485657,0.41759806871414185
P013 (33).jpg,P013,1,-0.28820568323135376,0.42844322323799133
P013 (34).jpg,P013,1,-0.5870101451873779,0.3573211431503296
P013 (35).jpg,P013,1,-0.4500616788864136,0.38934609293937683
P013 (36).jpg,P013,1,-0.5120260715484619,0.37471866607666016
P013 (37).jpg,P013,1,-0.2093859314918518,0.4478439390659332
P013 (38).jpg,P013,1,-0.3213129937648773,0.42035576701164246
P013 (39).jpg,P013,1,-0.31521254777908325,0.42184293270111084
P013 (4).jpg,P013,1,-0.03993604704737663,0.490017294883728
P013 (40).jpg,P013,1,-0.46332237124443054,0.3861979842185974
P013 (41).jpg,P013,1,-0.4755239486694336,0.38330963253974915
P013 (42).jpg,P013,1,0.21558474004268646,0.5536884665489197
P013 (43).jpg,P013,1,-0.10656039416790009,0.4733850657939911
P013 (44).jpg,P013,1,0.12925992906093597,0.532270073890686
P013 (45).jpg,P013,1,0.11149139702320099,0.5278440117835999
P013 (46).jpg,P013,1,-0.04513708874583244,0.4887176752090454
P013 (47).jpg,P013,1,0.04173492267727852,0.510432243347168
P013 (48).jpg,P013,1,0.10222385823726654,0.5255337357521057
P013 (49).jpg,P013,1,0.7297661900520325,0.6747539639472961
P013 (5).jpg,P013,1,0.1371874064207077,0.5342431664466858
P013 (50).jpg,P013,1,0.29787153005599976,0.5739220976829529
P013 (51).jpg,P013,1,0.5415079593658447,0.6321631669998169
P013 (52).jpg,P013,1,0.5377503633499146,0.6312889456748962
P013 (53).jpg,P013,1,0.5798378586769104,0.6410300731658936
P013 (54).jpg,P013,1,1.1173510551452637,0.7534970641136169
P013 (55).jpg,P013,1,1.2793869972229004,0.7823454141616821
P013 (56).jpg,P013,1,1.1390360593795776,0.7575026154518127
P013 (57).jpg,P013,1,0.9491427540779114,0.7209427356719971
P013 (58).jpg,P013,1,0.6222761869430542,0.6507360339164734
P013 (59).jpg,P013,1,0.7078537344932556,0.6699267029762268
P013 (6).jpg,P013,1,0.02996532991528511,0.5074908137321472
P013 (60).jpg,P013,1,0.8582914471626282,0.7023035883903503
P013 (7).jpg,P013,1,0.15432782471179962,0.5385055541992188
P013 (8).jpg,P013,1,-0.033734750002622604,0.49156707525253296
P013 (9).jpg,P013,1,-0.42129772901535034,0.396206259727478
P026 (1).jpg,P026,1,1.521553874015808,0.8207671642303467
P026 (10).jpg,P026,1,1.6326086521148682,0.8365267515182495
P026 (11).jpg,P026,1,1.2424116134643555,0.775983452796936
P026 (12).jpg,P026,1,0.3935270309448242,0.5971314907073975
P026 (13).jpg,P026,1,0.8093528747558594,0.6919715404510498
P026 (14).jpg,P026,1,0.4059998393058777,0.6001282930374146
P026 (2).jpg,P026,1,1.049514651298523,0.7406816482543945
P026 (3).jpg,P026,1,1.528785228729248,0.8218284845352173
P026 (4).jpg,P026,1,1.2070618867874146,0.7697787284851074
P026 (5).jpg,P026,1,0.6227056980133057,0.6508336663246155
P026 (6).jpg,P026,1,0.8649595975875854,0.7036958336830139
P026 (7).jpg,P026,1,0.8730469942092896,0.70537930727005
P026 (8).jpg,P026,1,0.7879269123077393,0.6873860359191895
P026 (9).jpg,P026,1,1.637953519821167,0.8372562527656555
P156 (1).jpg,P156,1,0.5049851536750793,0.623630166053772
P156 (10).jpg,P156,1,-0.27043867111206055,0.43279939889907837
P156 (11).jpg,P156,1,-0.37275511026382446,0.4078754484653473
P156 (12).jpg,P156,1,0.01954256370663643,0.5048854947090149
P156 (13).jpg,P156,1,-0.5591166019439697,0.3637518882751465
P156 (14).jpg,P156,1,-0.44645893573760986,0.3902030289173126
P156 (15).jpg,P156,1,-0.751976490020752,0.3203907907009125
P156 (16).jpg,P156,1,-0.460402250289917,0.3868904113769531
P156 (17).jpg,P156,1,0.0790252536535263,0.5197460651397705
P156 (18).jpg,P156,1,-0.1285683661699295,0.46790212392807007
P156 (19).jpg,P156,1,-0.07594956457614899,0.4810217320919037
P156 (2).jpg,P156,1,0.19018341600894928,0.5474030375480652
P156 (20).jpg,P156,1,-0.09622205793857574,0.4759629964828491
P156 (21).jpg,P156,1,-0.34006327390670776,0.41579410433769226
P156 (22).jpg,P156,1,-0.05124206468462944,0.4871923327445984
P156 (23).jpg,P156,1,0.24039284884929657,0.5598104596138
P156 (24).jpg,P156,1,-0.14324630796909332,0.46424952149391174
P156 (25).jpg,P156,1,0.08458350598812103,0.5211332440376282
P156 (26).jpg,P156,1,0.14606653153896332,0.5364518165588379
P156 (27).jpg,P156,1,-0.20254971086978912,0.44953498244285583
P156 (28).jpg,P156,1,0.054913152009248734,0.5137248635292053
P156 (29).jpg,P156,1,-0.27596694231033325,0.4314427971839905
P156 (3).jpg,P156,1,0.5910923480987549,0.64361572265625
P156 (30).jpg,P156,1,0.18415914475917816,0.545910120010376
P156 (31).jpg,P156,1,-0.2673993706703186,0.43354564905166626
P156 (32).jpg,P156,1,0.05949364975094795,0.514868974685669
P156 (33).jpg,P156,1,-0.21884740889072418,0.4455054700374603
P156 (34).jpg,P156,1,-0.11387564241886139,0.47156184911727905
P156 (35).jpg,P156,1,-0.20742584764957428,0.4483286738395691
P156 (36).jpg,P156,1,0.007545579224824905,0.5018863677978516
P156 (37).jpg,P156,1,0.08749376237392426,0.5218595266342163
P156 (38).jpg,P156,1,-0.09521801769733429,0.4762134850025177
P156 (39).jpg,P156,1,-0.015130352228879929,0.4962174594402313
P156 (4).jpg,P156,1,-0.20258499681949615,0.44952628016471863
P156 (40).jpg,P156,1,-0.08134825527667999,0.4796741008758545
P156 (41).jpg,P156,1,0.10476265847682953,0.5261667370796204
P156 (42).jpg,P156,1,0.05147610977292061,0.512866199016571
P156 (43).jpg,P156,1,0.11334256827831268,0.5283053517341614
P156 (44).jpg,P156,1,-0.17229779064655304,0.457031786441803
P156 (45).jpg,P156,1,0.22173349559307098,0.555207371711731
P156 (46).jpg,P156,1,0.35214483737945557,0.5871375799179077
P156 (47).jpg,P156,1,0.33973169326782227,0.5841253399848938
P156 (48).jpg,P156,1,0.3093247413635254,0.5767204165458679
P156 (49).jpg,P156,1,0.21120379865169525,0.5526055097579956
P156 (5).jpg,P156,1,-0.14857150614261627,0.4629252851009369
P156 (50).jpg,P156,1,-0.151666060090065,0.4621559679508209
P156 (51).jpg,P156,1,-0.1179903894662857,0.47053658962249756
P156 (52).jpg,P156,1,-0.20479996502399445,0.4489781856536865
P156 (53).jpg,P156,1,-0.16720686852931976,0.45829540491104126
P156 (54).jpg,P156,1,-0.21486343443393707,0.4464898407459259
P156 (55).jpg,P156,1,0.0867222398519516,0.5216670036315918
P156 (56).jpg,P156,1,0.4113372564315796,0.6014084815979004
P156 (6).jpg,P156,1,0.5357183218002319,0.630815863609314
P156 (7).jpg,P156,1,0.8536648750305176,0.7013353705406189
P156 (8).jpg,P156,1,-0.18833138048648834,0.45305582880973816
P156 (9).jpg,P156,1,-0.1650342494249344,0.45883482694625854
P157 (1).jpg,P157,1,-1.2071497440338135,0.23020577430725098
P157 (2).jpg,P157,1,-1.4771687984466553,0.1858554482460022
P157 (3).jpg,P157,1,-1.0530874729156494,0.2586326599121094
P157 (4).jpg,P157,1,-1.4520721435546875,0.18968287110328674
P157 (5).jpg,P157,1,-1.445183515548706,0.19074392318725586
P205 (1).jpg,P205,1,0.5046706199645996,0.6235563158988953
P205 (10).jpg,P205,1,0.19523315131664276,0.5486538410186768
P205 (11).jpg,P205,1,0.2126256376504898,0.5529569983482361
P205 (12).jpg,P205,1,0.3799072802066803,0.5938507318496704
P205 (13).jpg,P205,1,0.21715186536312103,0.5540755987167358
P205 (14).jpg,P205,1,0.27088040113449097,0.5673090219497681
P205 (15).jpg,P205,1,-0.17671240866184235,0.4559365212917328
P205 (16).jpg,P205,1,0.8966294527053833,0.7102563977241516
P205 (17).jpg,P205,1,0.7473485469818115,0.6786006689071655
P205 (18).jpg,P205,1,-0.14447765052318573,0.4639433026313782
P205 (19).jpg,P205,1,0.23141302168369293,0.5575964450836182
P205 (2).jpg,P205,1,0.802251935005188,0.690455973148346
P205 (20).jpg,P205,1,-0.051711779087781906,0.48707494139671326
P205 (21).jpg,P205,1,-0.09328503906726837,0.4766956567764282
P205 (22).jpg,P205,1,0.3410254120826721,0.5844395756721497
P205 (23).jpg,P205,1,-0.09580822288990021,0.4760662913322449
P205 (24).jpg,P205,1,0.21308772265911102,0.5530712604522705
P205 (25).jpg,P205,1,0.6168085336685181,0.6494923233985901
P205 (26).jpg,P205,1,0.7638267278671265,0.6821839809417725
P205 (27).jpg,P205,1,0.7600138187408447,0.6813567280769348
P205 (28).jpg,P205,1,0.6656067967414856,0.6605187654495239
P205 (29).jpg,P205,1,0.7843255996704102,0.6866115927696228
P205 (3).jpg,P205,1,0.16239409148693085,0.5405095219612122
P205 (30).jpg,P205,1,0.2612007260322571,0.5649314522743225
P205 (31).jpg,P205,1,0.5273776650428772,0.6288712620735168
P205 (32).jpg,P205,1,0.678958535194397,0.6635062098503113
P205 (33).jpg,P205,1,0.967316746711731,0.7245843410491943
P205 (34).jpg,P205,1,1.111484408378601,0.7524057626724243
P205 (35).jpg,P205,1,0.2081802934408188,0.5518579483032227
P205 (36).jpg,P205,1,0.6510281562805176,0.6572420597076416
P205 (37).jpg,P205,1,0.5389663577079773,0.6315719485282898
P205 (38).jpg,P205,1,0.7215198278427124,0.6729416251182556
P205 (39).jpg,P205,1,0.8897889852523804,0.7088466286659241
P205 (4).jpg,P205,1,0.332094669342041,0.5822689533233643
P205 (40).jpg,P205,1,0.3388686776161194,0.5839157104492188
P205 (41).jpg,P205,1,0.04887305572628975,0.5122158527374268
P205 (42).jpg,P205,1,0.415743350982666,0.6024641990661621
P205 (43).jpg,P205,1,-0.1718294471502304,0.4571480453014374
P205 (44).jpg,P205,1,-0.09749509394168854,0.475645512342453
P205 (45).jpg,P205,1,0.5254344940185547,0.6284176707267761
P205 (46).jpg,P205,1,0.01766081526875496,0.5044150948524475
P205 (47).jpg,P205,1,-0.16123409569263458,0.4597786068916321
P205 (48).jpg,P205,1,-0.49575525522232056,0.37853872776031494
P205 (49).jpg,P205,1,0.09369967877864838,0.5234078168869019
P205 (5).jpg,P205,1,0.5028391480445862,0.6231263279914856
P205 (50).jpg,P205,1,-0.05527463182806969,0.48618483543395996
P205 (51).jpg,P205,1,0.263783723115921,0.5655661821365356
P205 (52).jpg,P205,1,0.8154880404472351,0.6932777166366577
P205 (53).jpg,P205,1,1.44585382938385,0.8093594908714294
P205 (54).jpg,P205,1,1.2224674224853516,0.7724974751472473
P205 (55).jpg,P205,1,1.4549481868743896,0.8107587695121765
P205 (56).jpg,P205,1,1.7167274951934814,0.8477067947387695
P205 (57).jpg,P205,1,0.9191105365753174,0.7148607969284058
P205 (58).jpg,P205,1,1.1966993808746338,0.7679371237754822
P205 (59).jpg,P205,1,1.0900644063949585,0.7483938336372375
P205 (6).jpg,P205,1,0.5648630857467651,0.6375769972801208
P205 (60).jpg,P205,1,0.5928154587745667,0.6440109014511108
P205 (61).jpg,P205,1,1.0322126150131226,0.7373446822166443
P205 (62).jpg,P205,1,1.0188966989517212,0.7347576022148132
P205 (63).jpg,P205,1,1.0419880151748657,0.7392334342002869
P205 (64).jpg,P205,1,0.1996077597141266,0.5497369170188904
P205 (65).jpg,P205,1,-0.8519613742828369,0.29902157187461853
P205 (66).jpg,P205,1,-0.16751031577587128,0.45822009444236755
P205 (67).jpg,P205,1,0.702095627784729,0.6686522364616394
P205 (68).jpg,P205,1,0.2454344481229782,0.5610524415969849
P205 (69).jpg,P205,1,0.21853497624397278,0.5544173121452332
P205 (7).jpg,P205,1,0.06139116361737251,0.5153430104255676
P205 (70).jpg,P205,1,0.43934473395347595,0.6081029176712036
P205 (71).jpg,P205,1,0.35703080892562866,0.5883215069770813
P205 (72).jpg,P205,1,0.48148825764656067,0.6180992126464844
P205 (8).jpg,P205,1,-0.1570746749639511,0.4608118534088135
P205 (9).jpg,P205,1,0.16664128005504608,0.5415641665458679
P041 (1).jpg,P041,1,-1.2106056213378906,0.2295939028263092
P041 (10).jpg,P041,1,-1.2028331756591797,0.23097160458564758
P041 (11).jpg,P041,1,-1.2422890663146973,0.2240377962589264
P041 (12).jpg,P041,1,-1.5937628746032715,0.16885514557361603
P041 (13).jpg,P041,1,-1.5505964756011963,0.1750001460313797
P041 (14).jpg,P041,1,-1.4745850563049316,0.18624669313430786
P041 (15).jpg,P041,1,-1.0829825401306152,0.2529420256614685
P041 (16).jpg,P041,1,-1.8615100383758545,0.13452713191509247
P041 (17).jpg,P041,1,-1.3299784660339355,0.20916292071342468
P041 (18).jpg,P041,1,-1.415043592453003,0.19543975591659546
P041 (19).jpg,P041,1,-1.6330978870391846,0.16340641677379608
P041 (2).jpg,P041,1,-1.8725152015686035,0.13325096666812897
P041 (20).jpg,P041,1,-1.1718225479125977,0.23652571439743042
P041 (21).jpg,P041,1,-1.5279760360717773,0.178289994597435
P041 (22).jpg,P041,1,-1.7055134773254395,0.15374654531478882
P041 (23).jpg,P041,1,-1.7034778594970703,0.1540115773677826
P041 (24).jpg,P041,1,-1.9042694568634033,0.12962602078914642
P041 (25).jpg,P041,1,-0.6379603147506714,0.3457077443599701
P041 (26).jpg,P041,1,-0.9971088171005249,0.26951026916503906
P041 (27).jpg,P041,1,-1.539405107498169,0.17662177979946136
P041 (28).jpg,P041,1,-1.1344692707061768,0.2433372586965561
P041 (29).jpg,P041,1,-1.496652603149414,0.18292531371116638
P041 (3).jpg,P041,1,-1.5414800643920898,0.17632022500038147
P041 (30).jpg,P041,1,-0.21107937395572662,0.4474252164363861
P041 (31).jpg,P041,1,-2.1239614486694336,0.10678961873054504
P041 (32).jpg,P041,1,-0.9536041021347046,0.27816060185432434
P041 (33).jpg,P041,1,-1.466858148574829,0.18742062151432037
P041 (34).jpg,P041,1,-1.5169938802719116,0.17990460991859436
P041 (35).jpg,P041,1,-1.7151148319244385,0.15250147879123688
P041 (36).jpg,P041,1,-1.8620580434799194,0.1344633400440216
P041 (37).jpg,P041,1,-1.8749432563781738,0.13297078013420105
P041 (38).jpg,P041,1,-1.427327275276184,0.19351546466350555
P041 (39).jpg,P041,1,-1.3838374614715576,0.20039337873458862
P041 (4).jpg,P041,1,-2.1215174198150635,0.1070229634642601
P041 (5).jpg,P041,1,-2.0251262187957764,0.11658996343612671
P041 (6).jpg,P041,1,-1.7281689643859863,0.15082193911075592
P041 (7).jpg,P041,1,-1.9199566841125488,0.12786640226840973
P041 (8).jpg,P041,1,-1.8305538892745972,0.13817229866981506
P041 (9).jpg,P041,1,-1.8830571174621582,0.13203811645507812
P100 (1).jpg,P100,1,0.3302004933357239,0.5818081498146057
P100 (10).jpg,P100,1,0.8302587270736694,0.6964096426963806
P100 (100).jpg,P100,1,0.19854305684566498,0.5494733452796936
P100 (101).jpg,P100,1,0.45487621426582336,0.6117979884147644
P100 (102).jpg,P100,1,-0.15438033640384674,0.4614814221858978
P100 (103).jpg,P100,1,-0.047676246613264084,0.48808321356773376
P100 (104).jpg,P100,1,0.02744135633111,0.5068598985671997
P100 (105).jpg,P100,1,-0.2275543361902237,0.44335564970970154
P100 (106).jpg,P100,1,0.5549089312553406,0.6352737545967102
P100 (107).jpg,P100,1,-0.2854526937007904,0.42911747097969055
P100 (108).jpg,P100,1,-0.3932476341724396,0.4029357433319092
P100 (109).jpg,P100,1,0.10053585469722748,0.5251128077507019
P100 (11).jpg,P100,1,0.5235466957092285,0.6279767155647278
P100 (110).jpg,P100,1,0.4716259837150574,0.615768551826477
P100 (111).jpg,P100,1,-0.13844133913516998,0.4654448330402374
P100 (112).jpg,P100,1,0.07278905808925629,0.5181892514228821
P100 (113).jpg,P100,1,-0.11207963526248932,0.47200942039489746
P100 (114).jpg,P100,1,-0.0033333413302898407,0.49916669726371765
P100 (115).jpg,P100,1,-0.5198098421096802,0.3728967010974884
P100 (116).jpg,P100,1,-0.1726631075143814,0.456941157579422
P100 (117).jpg,P100,1,-0.6005158424377441,0.35422566533088684
P100 (118).jpg,P100,1,-0.33813783526420593,0.4162619113922119
P100 (119).jpg,P100,1,-0.7629184722900391,0.3180129826068878
P100 (12).jpg,P100,1,0.06929431855678558,0.5173166394233704
P100 (120).jpg,P100,1,-0.5685994625091553,0.36156004667282104
P100 (121).jpg,P100,1,-0.4217909872531891,0.39608827233314514
P100 (122).jpg,P100,1,-0.5796207189559937,0.35901984572410583
P100 (123).jpg,P100,1,-0.39869412779808044,0.4016261398792267
P100 (124).jpg,P100,1,-0.3032398819923401,0.4247656762599945
P100 (125).jpg,P100,1,0.7662405371665955,0.6827071309089661
P100 (126).jpg,P100,1,0.7199030518531799,0.672585666179657
P100 (127).jpg,P100,1,-0.18481947481632233,0.4539262056350708
P100 (128).jpg,P100,1,0.30828559398651123,0.5764667391777039
P100 (129).jpg,P100,1,-0.7677271962165833,0.31697097420692444
P100 (13).jpg,P100,1,0.23647837340831757,0.5588456392288208
P100 (130).jpg,P100,1,-0.2283424586057663,0.44316115975379944
P100 (131).jpg,P100,1,0.21178023517131805,0.5527480840682983
P100 (132).jpg,P100,1,-0.2723638713359833,0.43232688307762146
P100 (133).jpg,P100,1,0.034923005849123,0.508729875087738
P100 (134).jpg,P100,1,-0.21967865526676178,0.4453001618385315
P100 (135).jpg,P100,1,-0.25523465871810913,0.436535507440567
P100 (14).jpg,P100,1,0.5349363684654236,0.6306337118148804
P100 (15).jpg,P100,1,0.8041836023330688,0.6908686757087708
P100 (16).jpg,P100,1,0.5680599212646484,0.6383153796195984
P100 (17).jpg,P100,1,0.33706849813461304,0.5834782123565674
P100 (18).jpg,P100,1,0.4757130742073059,0.6167351007461548
P100 (19).jpg,P100,1,0.2808477282524109,0.5697540044784546
P100 (2).jpg,P100,1,0.7866179347038269,0.6871046423912048
P100 (20).jpg,P100,1,0.37550270557403564,0.5927879214286804
P100 (21).jpg,P100,1,0.21161948144435883,0.5527083277702332
P100 (22).jpg,P100,1,0.32515883445739746,0.58058100938797
P100 (23).jpg,P100,1,0.6674230098724365,0.6609258651733398
P100 (24).jpg,P100,1,0.27248406410217285,0.5677026510238647
P100 (25).jpg,P100,1,0.003916490823030472,0.5009791254997253
P100 (26).jpg,P100,1,-0.08529211580753326,0.47868990898132324
P100 (27).jpg,P100,1,-0.38641858100891113,0.4045797288417816
P100 (28).jpg,P100,1,0.8851487636566162,0.7078880667686462
P100 (29).jpg,P100,1,0.8454221487045288,0.6996059417724609
P100 (3).jpg,P100,1,0.5782588124275208,0.640666663646698
P100 (30).jpg,P100,1,1.095279574394226,0.7493746280670166
P100 (31).jpg,P100,1,0.5438752174377441,0.6327134370803833
P100 (32).jpg,P100,1,0.6873933672904968,0.6653867959976196
P100 (33).jpg,P100,1,0.2847215533256531,0.570703387260437
P100 (34).jpg,P100,1,-0.09423871338367462,0.47645771503448486
P100 (35).jpg,P100,1,0.046206165105104446,0.5115494728088379
P100 (36).jpg,P100,1,-0.06755895912647247,0.48311668634414673
P100 (37).jpg,P100,1,-0.03512347862124443,0.49122005701065063
P100 (38).jpg,P100,1,0.24183551967144012,0.5601659417152405
P100 (39).jpg,P100,1,0.13233064115047455,0.5330344438552856
P100 (4).jpg,P100,1,0.09132783114910126,0.5228160619735718
P100 (40).jpg,P100,1,0.3872682452201843,0.5956249237060547
P100 (41).jpg,P100,1,-1.3205091953277588,0.2107335925102234
P100 (42).jpg,P100,1,-0.9368799924850464,0.2815310060977936
P100 (43).jpg,P100,1,-0.7840890884399414,0.313439279794693
P100 (44).jpg,P100,1,-1.2112972736358643,0.2294716089963913
P100 (45).jpg,P100,1,-0.3366124927997589,0.41663259267807007
P100 (46).jpg,P100,1,-0.876971423625946,0.2938057482242584
P100 (47).jpg,P100,1,-1.8157562017440796,0.13994386792182922
P100 (48).jpg,P100,1,-1.0370060205459595,0.26172810792922974
P100 (49).jpg,P100,1,-0.714863657951355,0.32852503657341003
P100 (5).jpg,P100,1,0.6479509472846985,0.6565485596656799
P100 (50).jpg,P100,1,-0.048977505415678024,0.4877581000328064
P100 (51).jpg,P100,1,0.6824550628662109,0.6642863750457764
P100 (52).jpg,P100,1,0.07839100062847137,0.5195876955986023
P100 (53).jpg,P100,1,-0.008610408753156662,0.49784743785858154
P100 (54).jpg,P100,1,-0.10937096178531647,0.47268450260162354
P100 (55).jpg,P100,1,0.02121685817837715,0.5053040385246277
P100 (56).jpg,P100,1,-0.6610995531082153,0.3404926359653473
P100 (57).jpg,P100,1,-0.10717989504337311,0.47323065996170044
P100 (58).jpg,P100,1,-0.22982902824878693,0.4427943527698517
P100 (59).jpg,P100,1,-0.25720345973968506,0.43605127930641174
P100 (6).jpg,P100,1,0.4383242726325989,0.6078596711158752
P100 (60).jpg,P100,1,-0.6445278525352478,0.3442237079143524
P100 (61).jpg,P100,1,0.07259605824947357,0.5181410312652588
P100 (62).jpg,P100,1,-0.1840975433588028,0.4541051387786865
P100 (63).jpg,P100,1,-0.32142770290374756,0.4203278422355652
P100 (64).jpg,P100,1,-0.220338836312294,0.44513705372810364
P100 (65).jpg,P100,1,-0.03747750446200371,0.49063169956207275
P100 (66).jpg,P100,1,-0.3032849133014679,0.42475464940071106
P100 (67).jpg,P100,1,-0.40959811210632324,0.39900851249694824
P100 (68).jpg,P100,1,-0.9358479976654053,0.2817398011684418
P100 (69).jpg,P100,1,-1.233216643333435,0.22561894357204437
P100 (7).jpg,P100,1,0.7264204025268555,0.6740192770957947
P100 (70).jpg,P100,1,-0.4114036560058594,0.3985756039619446
P100 (71).jpg,P100,1,-0.894366979598999,0.29020944237709045
P100 (72).jpg,P100,1,-0.24440960586071014,0.43919992446899414
P100 (73).jpg,P100,1,0.47710859775543213,0.6170648336410522
P100 (74).jpg,P100,1,0.9607112407684326,0.7232641577720642
P100 (75).jpg,P100,1,0.5338520407676697,0.6303811073303223
P100 (76).jpg,P100,1,0.8483980298042297,0.7002309560775757
P100 (77).jpg,P100,1,0.45395511388778687,0.611579179763794
P100 (78).jpg,P100,1,0.13284079730510712,0.533161461353302
P100 (79).jpg,P100,1,0.5883387923240662,0.6429838538169861
P100 (8).jpg,P100,1,0.8911892175674438,0.7091355323791504
P100 (80).jpg,P100,1,0.22484703361988068,0.555976152420044
P100 (81).jpg,P100,1,0.9174440503120422,0.7145209908485413
P100 (82).jpg,P100,1,0.4168309271335602,0.6027246713638306
P100 (83).jpg,P100,1,0.3909246325492859,0.5965052247047424
P100 (84).jpg,P100,1,0.6424004435539246,0.6552959084510803
P100 (85).jpg,P100,1,0.9259517192840576,0.7162532806396484
P100 (86).jpg,P100,1,0.5612508654594421,0.6367419362068176
P100 (87).jpg,P100,1,0.4980355501174927,0.621997594833374
P100 (88).jpg,P100,1,0.8022143244743347,0.6904479265213013
P100 (89).jpg,P100,1,0.7570905685424805,0.6807217001914978
P100 (9).jpg,P100,1,1.0898464918136597,0.7483527660369873
P100 (90).jpg,P100,1,0.7169166803359985,0.6719276905059814
P100 (91).jpg,P100,1,0.4874809980392456,0.6195128560066223
P100 (92).jpg,P100,1,0.4209030270576477,0.603699266910553
P100 (93).jpg,P100,1,0.43362200260162354,0.606738269329071
P100 (94).jpg,P100,1,0.02800213173031807,0.5070000886917114
P100 (95).jpg,P100,1,0.8853890299797058,0.7079377174377441
P100 (96).jpg,P100,1,0.18093694746494293,0.5451112389564514
P100 (97).jpg,P100,1,0.4814644157886505,0.6180936098098755
P100 (98).jpg,P100,1,0.3376610279083252,0.5836222767829895
P100 (99).jpg,P100,1,-0.48041242361068726,0.38215476274490356
P114 (1).jpg,P114,1,-0.9875326156616211,0.27139970660209656
P114 (10).jpg,P114,1,-0.5191047191619873,0.3730615973472595
P114 (11).jpg,P114,1,-0.20291967689990997,0.44944342970848083
P114 (12).jpg,P114,1,-0.2502831220626831,0.437753826379776
P114 (13).jpg,P114,1,-0.2772691249847412,0.43112340569496155
P114 (14).jpg,P114,1,0.12587951123714447,0.5314283967018127
P114 (15).jpg,P114,1,-0.32875657081604004,0.4185432195663452
P114 (16).jpg,P114,1,0.45856478810310364,0.6126736998558044
P114 (17).jpg,P114,1,0.04212622717022896,0.5105299949645996
P114 (18).jpg,P114,1,0.07607899606227875,0.5190105438232422
P114 (19).jpg,P114,1,0.3163105249404907,0.5784248113632202
P114 (2).jpg,P114,1,-0.5778681039810181,0.35942327976226807
P114 (20).jpg,P114,1,-0.9881781339645386,0.27127209305763245
P114 (21).jpg,P114,1,-0.6580644249916077,0.34117454290390015
P114 (22).jpg,P114,1,-2.1145005226135254,0.10769541561603546
P114 (23).jpg,P114,1,-0.7420586943626404,0.3225541114807129
P114 (24).jpg,P114,1,-0.6986829042434692,0.33210429549217224
P114 (25).jpg,P114,1,-0.6579388976097107,0.3412027657032013
P114 (26).jpg,P114,1,-0.6612756848335266,0.3404531180858612
P114 (27).jpg,P114,1,-0.6310120820999146,0.3472810983657837
P114 (28).jpg,P114,1,-0.9203416705131531,0.28488826751708984
P114 (29).jpg,P114,1,-1.0207695960998535,0.2648775279521942
P114 (3).jpg,P114,1,-1.4443126916885376,0.19087839126586914
P114 (30).jpg,P114,1,-0.614840030670166,0.35095587372779846
P114 (31).jpg,P114,1,-0.3789137601852417,0.40638887882232666
P114 (32).jpg,P114,1,-0.526688814163208,0.3712894916534424
P114 (33).jpg,P114,1,-0.1968027502298355,0.4509575068950653
P114 (34).jpg,P114,1,-0.643010139465332,0.3445664048194885
P114 (35).jpg,P114,1,-0.5547208786010742,0.3647698163986206
P114 (36).jpg,P114,1,-0.7256665825843811,0.3261463940143585
P114 (37).jpg,P114,1,0.12199424207210541,0.530460774898529
P114 (38).jpg,P114,1,0.5795879364013672,0.6409725546836853
P114 (39).jpg,P114,1,0.7245579361915588,0.6736098527908325
P114 (4).jpg,P114,1,-1.3226349353790283,0.21038025617599487
P114 (40).jpg,P114,1,0.8939164876937866,0.7096977233886719
P114 (41).jpg,P114,1,0.7125643491744995,0.6709675192832947
P114 (42).jpg,P114,1,0.2599983811378479,0.5646358728408813
P114 (43).jpg,P114,1,0.5101158022880554,0.6248335838317871
P114 (44).jpg,P114,1,0.12049271166324615,0.5300868153572083
P114 (45).jpg,P114,1,0.20093296468257904,0.5500649213790894
P114 (46).jpg,P114,1,0.4790685772895813,0.6175279021263123
P114 (47).jpg,P114,1,0.45054954290390015,0.6107698678970337
P114 (48).jpg,P114,1,0.3617697060108185,0.589468777179718
P114 (49).jpg,P114,1,0.20722924172878265,0.5516226887702942
P114 (5).jpg,P114,1,-0.9344444274902344,0.28202390670776367
P114 (50).jpg,P114,1,0.32313328981399536,0.5800876617431641
P114 (51).jpg,P114,1,0.37505754828453064,0.5926805138587952
P114 (52).jpg,P114,1,0.17824392020702362,0.5444433689117432
P114 (53).jpg,P114,1,0.34855616092681885,0.586267352104187
P114 (54).jpg,P114,1,0.4603576958179474,0.6130990386009216
P114 (55).jpg,P114,1,0.40517154335975647,0.5999295711517334
P114 (56).jpg,P114,1,0.8962557315826416,0.7101793885231018
P114 (57).jpg,P114,1,0.6701154708862305,0.661529004573822
P114 (58).jpg,P114,1,0.5011347532272339,0.6227259635925293
P114 (59).jpg,P114,1,0.41367799043655396,0.6019694209098816
P114 (6).jpg,P114,1,-0.943688690662384,0.28015583753585815
P114 (60).jpg,P114,1,0.9251716732978821,0.7160946726799011
P114 (61).jpg,P114,1,0.835769772529602,0.6975735425949097
P114 (62).jpg,P114,1,0.8248366713523865,0.69526207447052
P114 (63).jpg,P114,1,0.5487063527107239,0.6338353753089905
P114 (64).jpg,P114,1,0.8538628816604614,0.7013768553733826
P114 (65).jpg,P114,1,0.04384614899754524,0.5109597444534302
P114 (66).jpg,P114,1,0.3055152893066406,0.5757902264595032
P114 (67).jpg,P114,1,-0.04875433072447777,0.487813800573349
P114 (68).jpg,P114,1,-0.24566055834293365,0.43889182806015015
P114 (69).jpg,P114,1,0.003196869045495987,0.5007991790771484
P114 (7).jpg,P114,1,-0.9331663250923157,0.2822827696800232
P114 (70).jpg,P114,1,0.2276502251625061,0.5566680431365967
P114 (71).jpg,P114,1,0.691229522228241,0.666240394115448
P114 (72).jpg,P114,1,0.2019626349210739,0.5503197312355042
P114 (73).jpg,P114,1,0.8933500051498413,0.7095809578895569
P114 (74).jpg,P114,1,0.3923008441925049,0.5968364477157593
P114 (75).jpg,P114,1,0.5603642463684082,0.6365368366241455
P114 (76).jpg,P114,1,-0.007899057120084763,0.4980252683162689
P114 (77).jpg,P114,1,-0.039294447749853134,0.49017763137817383
P114 (78).jpg,P114,1,0.8555736541748047,0.7017350196838379
P114 (79).jpg,P114,1,0.5640544891357422,0.63739013671875
P114 (8).jpg,P114,1,-0.8849689364433289,0.2921491265296936
P114 (80).jpg,P114,1,0.4033765196800232,0.5994986295700073
P114 (9).jpg,P114,1,-0.3057488203048706,0.42415276169776917
P185 (1).jpg,P185,1,0.8275182843208313,0.6958299279212952
P185 (10).jpg,P185,1,1.2384511232376099,0.7752942442893982
P185 (11).jpg,P185,1,1.2546381950378418,0.7781017422676086
P185 (12).jpg,P185,1,1.0834286212921143,0.7471423149108887
P185 (13).jpg,P185,1,0.8627668023109436,0.7032383680343628
P185 (14).jpg,P185,1,0.8079360127449036,0.6916695237159729
P185 (15).jpg,P185,1,0.926581859588623,0.716381311416626
P185 (16).jpg,P185,1,0.8953512907028198,0.7099932432174683
P185 (17).jpg,P185,1,0.43139269948005676,0.6062061786651611
P185 (18).jpg,P185,1,0.5862317085266113,0.6425000429153442
P185 (19).jpg,P185,1,0.2067548781633377,0.5515053868293762
P185 (2).jpg,P185,1,0.8420799970626831,0.6989030838012695
P185 (20).jpg,P185,1,0.5159895420074463,0.626209557056427
P185 (21).jpg,P185,1,0.41692161560058594,0.6027463674545288
P185 (22).jpg,P185,1,1.3128268718719482,0.7879858613014221
P185 (23).jpg,P185,1,0.7516390681266785,0.6795357465744019
P185 (24).jpg,P185,1,0.7775218486785889,0.6851457357406616
P185 (25).jpg,P185,1,0.9121438264846802,0.7134386301040649
P185 (26).jpg,P185,1,0.8737029433250427,0.7055156826972961
P185 (27).jpg,P185,1,0.7907909154891968,0.6880011558532715
P185 (28).jpg,P185,1,0.9881356954574585,0.7287195324897766
P185 (29).jpg,P185,1,1.1829826831817627,0.7654836773872375
P185 (3).jpg,P185,1,0.6089247465133667,0.6476954221725464
P185 (30).jpg,P185,1,1.4184359312057495,0.8050931096076965
P185 (31).jpg,P185,1,1.3825029134750366,0.7993927001953125
P185 (32).jpg,P185,1,1.3244272470474243,0.7899173498153687
P185 (33).jpg,P185,1,0.712604284286499,0.6709763407707214
P185 (34).jpg,P185,1,0.6377023458480835,0.6542338728904724
P185 (35).jpg,P185,1,0.8554668426513672,0.7017126679420471
P185 (36).jpg,P185,1,-0.16350026428699493,0.45921576023101807
P185 (37).jpg,P185,1,0.7392815947532654,0.676838755607605
P185 (38).jpg,P185,1,0.02631746605038643,0.5065789818763733
P185 (39).jpg,P185,1,0.2275901585817337,0.5566532015800476
P185 (4).jpg,P185,1,0.14020417630672455,0.5349937677383423
P185 (40).jpg,P185,1,0.26180773973464966,0.5650805830955505
P185 (41).jpg,P185,1,-0.0020249001681804657,0.4994937479496002
P185 (42).jpg,P185,1,0.2178068608045578,0.5542374849319458
P185 (43).jpg,P185,1,0.9326165914535522,0.7176058292388916
P185 (44).jpg,P185,1,0.6077591776847839,0.6474294662475586
P185 (45).jpg,P185,1,0.7038122415542603,0.6690324544906616
P185 (46).jpg,P185,1,0.6358799934387207,0.6538215279579163
P185 (47).jpg,P185,1,0.7451370358467102,0.6781181693077087
P185 (48).jpg,P185,1,0.1315378099679947,0.5328370928764343
P185 (49).jpg,P185,1,0.15105290710926056,0.537691593170166
P185 (5).jpg,P185,1,0.981894850730896,0.7274839878082275
P185 (50).jpg,P185,1,0.05704622343182564,0.5142576694488525
P185 (51).jpg,P185,1,-0.18136097490787506,0.4547836482524872
P185 (52).jpg,P185,1,0.4128473401069641,0.6017704010009766
P185 (53).jpg,P185,1,0.5046075582504272,0.623541533946991
P185 (54).jpg,P185,1,0.9444231986999512,0.7199922204017639
P185 (55).jpg,P185,1,0.31253230571746826,0.5775032639503479
P185 (56).jpg,P185,1,1.030332088470459,0.7369802594184875
P185 (57).jpg,P185,1,0.530691921710968,0.6296444535255432
P185 (58).jpg,P185,1,0.7449692487716675,0.6780815720558167
P185 (59).jpg,P185,1,0.17097924649715424,0.5426409840583801
P185 (6).jpg,P185,1,0.891653299331665,0.7092311978340149
P185 (60).jpg,P185,1,0.7973417043685913,0.6894055604934692
P185 (61).jpg,P185,1,0.883851170539856,0.7076196670532227
P185 (62).jpg,P185,1,0.04043715074658394,0.5101078748703003
P185 (63).jpg,P185,1,1.1535149812698364,0.7601523399353027
P185 (64).jpg,P185,1,0.9746829271316528,0.726051926612854
P185 (65).jpg,P185,1,0.8937091827392578,0.7096550464630127
P185 (66).jpg,P185,1,0.8625066876411438,0.7031841278076172
P185 (67).jpg,P185,1,0.7682441473007202,0.6831409335136414
P185 (68).jpg,P185,1,0.48648542165756226,0.6192781329154968
P185 (69).jpg,P185,1,0.9549858570098877,0.7221167683601379
P185 (7).jpg,P185,1,0.4733736515045166,0.6161819696426392
P185 (70).jpg,P185,1,0.6997717618942261,0.6681371927261353
P185 (71).jpg,P185,1,0.5284215211868286,0.6291149258613586
P185 (72).jpg,P185,1,0.4329442083835602,0.6065764427185059
P185 (73).jpg,P185,1,0.30977559089660645,0.5768305063247681
P185 (74).jpg,P185,1,0.308269739151001,0.5764628648757935
P185 (75).jpg,P185,1,0.25076213479042053,0.5623640418052673
P185 (76).jpg,P185,1,0.3510195314884186,0.5868648290634155
P185 (77).jpg,P185,1,0.5802407264709473,0.6411228179931641
P185 (78).jpg,P185,1,0.2652881145477295,0.5659357905387878
P185 (79).jpg,P185,1,0.510149359703064,0.6248414516448975
P185 (8).jpg,P185,1,0.7319120168685913,0.6752246618270874
P185 (80).jpg,P185,1,0.25142207741737366,0.5625264644622803
P185 (81).jpg,P185,1,-0.11043621599674225,0.47241899371147156
P185 (82).jpg,P185,1,-0.18560482561588287,0.45373156666755676
P185 (83).jpg,P185,1,0.3860740065574646,0.5953372716903687
P185 (9).jpg,P185,1,0.9385437369346619,0.7188054323196411
